,Unnamed: 0,Timestamp,PM 1.0,PM 2.5,Applied PM 2.5 Custom Calibration Setting - Multiplication Factor,PM 4.0,PM 10,Applied PM 10 Custom Calibration Setting - Multiplication Factor,NC 0.5,NC 1.0,NC 2.5,NC 4.0,NC 10,PM Sensor Error Status,Temperature,Applied Temperature Custom Calibration Setting - Offset,Relative Humidity,Applied Relative Humidity Custom Calibration Setting - Offset,Temperature/Humidity Sensor Error Status,Device Status
0,0,2023-12-18 00:00:00,1.9833333333333327,2.0,,2.0,2.0,,12.566666666666666,14.433333333333334,14.516666666666667,14.516666666666667,14.516666666666667,0.5333333333333333,89.2,,8.0,,4.533333333333333,0.0
1,1,2023-12-18 01:00:00,1.8166666666666669,1.9666666666666663,,1.9833333333333327,1.9833333333333327,,11.633333333333333,13.383333333333333,13.433333333333334,13.45,13.45,0.0,89.2,,8.0,,4.0,0.0
2,2,2023-12-18 02:00:00,2.6333333333333333,2.7666666666666666,,2.833333333333333,2.85,,18.366666666666667,21.1,21.216666666666665,21.266666666666666,21.266666666666666,0.0,89.49666666666667,,7.333333333333333,,4.0,0.0
3,3,2023-12-18 03:00:00,2.4833333333333334,2.6333333333333333,,2.7,2.716666666666667,,17.616666666666667,20.366666666666667,20.48333333333333,20.5,20.5,0.2666666666666666,89.90333333333334,,7.0,,4.266666666666667,0.0
4,4,2023-12-18 04:00:00,2.1166666666666667,2.2333333333333334,,2.2333333333333334,2.25,,13.6,15.716666666666669,15.866666666666667,15.883333333333333,15.883333333333333,0.0,90.14,,7.216666666666667,,4.0,0.0
5,5,2023-12-18 05:00:00,2.8666666666666667,3.1166666666666667,,3.15,3.183333333333333,,20.5,23.666666666666668,23.8,23.816666666666663,23.816666666666663,0.0,90.30333333333331,,8.0,,4.0,0.0
6,6,2023-12-18 06:00:00,2.9833333333333334,3.1,,3.1166666666666667,3.1333333333333333,,20.8,23.966666666666665,23.966666666666665,23.98333333333333,23.98333333333333,0.8,88.23833333333333,,8.5,,2.2666666666666666,0.0
7,7,2023-12-18 07:00:00,12.733333333333333,13.466666666666669,,13.566666666666666,13.566666666666666,,91.86666666666666,105.58333333333331,105.96666666666668,106.0,106.0,0.0,86.10666666666665,,9.966666666666669,,0.0666666666666666,0.0
8,8,2023-12-18 08:00:00,14.616666666666667,15.566666666666666,,15.583333333333334,15.583333333333334,,106.1,121.8,122.2,122.2,122.23333333333332,0.0,86.15,,10.0,,0.0,0.0
9,9,2023-12-18 09:00:00,3.7666666666666666,4.033333333333333,,4.033333333333333,4.033333333333333,,26.9,30.966666666666665,31.05,31.05,31.05,0.0,85.85,,10.0,,0.0,0.0
10,10,2023-12-18 10:00:00,4.166666666666667,4.366666666666666,,4.433333333333334,4.433333333333334,,30.5,35.13333333333333,35.2,35.2,35.2,0.0,85.8,,10.0,,0.0,0.0
11,11,2023-12-18 11:00:00,6.383333333333334,6.716666666666667,,6.783333333333333,6.8,,45.516666666666666,52.333333333333336,52.583333333333336,52.65,52.65,0.0,85.8,,10.0,,0.0,0.0
12,12,2023-12-18 12:00:00,7.083333333333333,7.583333333333333,,7.683333333333334,7.7,,50.78333333333333,58.45,58.63333333333333,58.7,58.71666666666667,0.0,85.82333333333332,,10.816666666666666,,0.0,0.0
13,13,2023-12-18 13:00:00,5.35,5.733333333333333,,5.783333333333333,5.816666666666666,,38.55,44.35,44.55,44.55,44.583333333333336,0.0,85.74666666666667,,11.0,,0.0,0.0
14,14,2023-12-18 14:00:00,4.066666666666666,4.416666666666667,,4.45,4.533333333333333,,30.33333333333333,34.833333333333336,35.0,35.03333333333333,35.03333333333333,0.0,85.45666666666666,,11.0,,0.0,0.0
15,15,2023-12-18 15:00:00,4.016666666666667,4.116666666666666,,4.116666666666666,4.166666666666667,,28.883333333333333,33.11666666666667,33.28333333333333,33.3,33.3,0.0,85.25666666666666,,11.0,,0.0,0.0
16,16,2023-12-18 16:00:00,3.866666666666666,4.016666666666667,,4.033333333333333,4.033333333333333,,27.183333333333334,31.28333333333333,31.416666666666668,31.433333333333334,31.433333333333334,0.0,85.1,,11.0,,0.0,0.0
17,17,2023-12-18 17:00:00,3.816666666666667,4.016666666666667,,4.016666666666667,4.066666666666666,,27.183333333333334,31.3,31.433333333333334,31.433333333333334,31.45,0.0,84.93666666666667,,11.0,,0.0,0.0
18,18,2023-12-18 18:00:00,4.0,4.033333333333333,,4.083333333333333,4.1,,27.95,32.13333333333333,32.25,32.25,32.25,0.0,84.9,,11.0,,0.0,0.0
19,19,2023-12-18 19:00:00,3.716666666666667,3.983333333333333,,3.983333333333333,3.983333333333333,,26.08333333333333,30.016666666666666,30.066666666666663,30.08333333333333,30.08333333333333,0.0,84.9,,11.45,,0.0,0.0
20,20,2023-12-18 20:00:00,3.2666666666666666,3.6666666666666665,,3.75,3.7666666666666666,,24.48333333333333,28.066666666666663,28.266666666666666,28.28333333333333,28.28333333333333,0.0,84.78333333333333,,12.0,,0.0,0.0
21,21,2023-12-18 21:00:00,3.1666666666666665,3.433333333333333,,3.433333333333333,3.466666666666667,,23.53333333333333,27.1,27.15,27.183333333333334,27.2,0.0,84.72333333333334,,12.0,,0.0,0.0
22,22,2023-12-18 22:00:00,2.95,3.0166666666666666,,3.0166666666666666,3.0166666666666666,,20.5,23.566666666666663,23.58333333333333,23.58333333333333,23.58333333333333,0.0,84.7,,12.0,,0.0,0.0
23,23,2023-12-18 23:00:00,2.35,2.6333333333333333,,2.6333333333333333,2.6333333333333333,,17.483333333333334,20.116666666666667,20.15,20.166666666666668,20.166666666666668,0.0,84.7,,12.0,,0.0,0.0
24,24,2023-12-19 00:00:00,2.0,2.0847457627118646,,2.0847457627118646,2.0847457627118646,,15.271186440677964,17.54237288135593,17.593220338983052,17.610169491525422,17.610169491525422,0.0,84.7,,12.0,,0.0,0.0
25,25,2023-12-19 01:00:00,2.0,2.033333333333333,,2.033333333333333,2.033333333333333,,14.716666666666669,16.883333333333333,16.916666666666668,16.916666666666668,16.933333333333334,0.0,84.7,,12.0,,0.0,0.0
26,26,2023-12-19 02:00:00,4.05,4.5,,4.55,4.55,,30.366666666666667,34.96666666666667,35.03333333333333,35.05,35.05,0.0,84.86,,12.35,,0.0,0.0
27,27,2023-12-19 03:00:00,4.95,5.033333333333333,,5.05,5.083333333333333,,34.983333333333334,40.18333333333333,40.25,40.266666666666666,40.31666666666667,0.0,85.23333333333333,,13.0,,0.0,0.0
28,28,2023-12-19 04:00:00,4.933333333333334,5.066666666666666,,5.066666666666666,5.066666666666666,,34.9,40.03333333333333,40.15,40.15,40.16666666666666,0.0,85.50666666666666,,13.0,,0.0,0.0
29,29,2023-12-19 05:00:00,5.366666666666666,5.766666666666667,,5.783333333333333,5.8,,38.7,44.4,44.5,44.55,44.55,0.0,85.6,,13.0,,0.0,0.0
30,30,2023-12-19 06:00:00,6.05,6.533333333333333,,6.55,6.55,,44.03333333333333,50.55,50.66666666666666,50.66666666666666,50.66666666666666,0.0,85.67666666666666,,13.0,,0.0,0.0
31,31,2023-12-19 07:00:00,4.2,4.55,,4.583333333333333,4.65,,30.5,35.166666666666664,35.333333333333336,35.35,35.35,0.0,84.79333333333334,,12.333333333333334,,0.0,0.2666666666666666
32,32,2023-12-19 08:00:00,73.05,77.61666666666666,,77.75,77.96666666666667,,529.7333333333333,608.5833333333334,610.3666666666667,610.65,610.8,0.0,85.08999999999999,,10.983333333333333,,0.0,0.0
33,33,2023-12-19 09:00:00,5.75,6.1,,6.116666666666666,6.133333333333334,,41.6,47.833333333333336,47.95,47.98333333333333,48.016666666666666,0.0,84.89000000000001,,10.0,,0.0,0.0
34,34,2023-12-19 10:00:00,2.033333333333333,2.083333333333333,,2.083333333333333,2.083333333333333,,14.916666666666666,17.166666666666668,17.216666666666665,17.233333333333334,17.233333333333334,0.0,84.92,,10.0,,0.0,0.0
35,35,2023-12-19 11:00:00,2.0,2.083333333333333,,2.1,2.1,,15.833333333333334,18.15,18.23333333333333,18.23333333333333,18.23333333333333,0.0,84.83999999999999,,10.616666666666667,,0.0,0.0
36,36,2023-12-19 12:00:00,1.9833333333333327,2.05,,2.05,2.05,,13.933333333333334,16.016666666666666,16.05,16.066666666666666,16.066666666666666,0.0,84.64666666666668,,11.0,,0.0,0.0
37,37,2023-12-19 13:00:00,1.15,1.1833333333333331,,1.1833333333333331,1.1833333333333331,,9.1,10.566666666666666,10.6,10.6,10.6,0.0,84.625,,11.133333333333333,,0.0,0.0
38,38,2023-12-19 14:00:00,1.0,1.0166666666666666,,1.0166666666666666,1.0166666666666666,,8.716666666666667,10.05,10.066666666666666,10.083333333333334,10.083333333333334,0.0,84.71333333333334,,11.9,,0.0,0.0
39,39,2023-12-19 15:00:00,1.0,1.0,,1.0,1.0,,8.45,9.75,9.75,9.75,9.766666666666667,0.0,84.86999999999999,,12.0,,0.0,0.0
40,40,2023-12-19 16:00:00,1.0333333333333334,1.0833333333333333,,1.1166666666666667,1.1166666666666667,,8.9,10.266666666666667,10.283333333333331,10.283333333333331,10.3,0.0,84.75833333333334,,12.0,,0.0,0.0
41,41,2023-12-19 17:00:00,1.0166666666666666,1.1166666666666667,,1.1166666666666667,1.1166666666666667,,9.05,10.366666666666667,10.4,10.4,10.416666666666666,0.0,84.74666666666667,,12.0,,0.0,0.0
42,42,2023-12-19 18:00:00,1.0,1.0333333333333334,,1.0333333333333334,1.0333333333333334,,8.616666666666667,9.816666666666666,9.85,9.85,9.85,0.0,84.66833333333332,,12.0,,0.0,0.0
43,43,2023-12-19 19:00:00,1.0,1.0333333333333334,,1.0333333333333334,1.0333333333333334,,8.85,10.183333333333334,10.216666666666669,10.216666666666669,10.216666666666669,0.0,84.74166666666666,,12.0,,0.0,0.0
44,44,2023-12-19 20:00:00,1.0,1.0,,1.0,1.0,,8.15,9.3,9.316666666666666,9.316666666666666,9.316666666666666,0.0,84.525,,12.0,,0.0,0.0
45,45,2023-12-19 21:00:00,1.0,1.0,,1.0,1.0,,6.966666666666667,8.033333333333333,8.033333333333333,8.033333333333333,8.033333333333333,0.0,84.57,,12.0,,0.0,3.733333333333333
46,46,2023-12-19 22:00:00,1.0,1.0,,1.0,1.0,,7.666666666666667,8.816666666666666,8.85,8.866666666666667,8.866666666666667,0.0,84.6,,12.0,,0.0,4.0
47,47,2023-12-19 23:00:00,1.0,1.0333333333333334,,1.0333333333333334,1.0333333333333334,,7.966666666666667,9.083333333333334,9.116666666666667,9.116666666666667,9.116666666666667,0.0,84.6,,12.0,,0.0,4.0
48,48,2023-12-20 00:00:00,1.0,1.0,,1.0,1.0,,6.616666666666666,7.6,7.65,7.65,7.65,0.0,84.6,,12.0,,0.0,4.0
49,49,2023-12-20 01:00:00,1.0,1.0,,1.0,1.0,,6.266666666666667,7.2,7.2,7.2,7.2,0.0,84.40333333333335,,12.0,,0.0,4.0
50,50,2023-12-20 02:00:00,1.5333333333333334,1.65,,1.65,1.65,,10.316666666666666,11.833333333333334,11.866666666666667,11.866666666666667,11.866666666666667,0.0,84.3,,11.316666666666666,,0.0,4.0
51,51,2023-12-20 03:00:00,3.05,3.2666666666666666,,3.3,3.316666666666667,,22.08333333333333,25.4,25.5,25.516666666666666,25.516666666666666,0.0,84.2,,11.0,,0.0,4.0
52,52,2023-12-20 04:00:00,2.2,2.433333333333333,,2.433333333333333,2.45,,15.933333333333334,18.366666666666667,18.416666666666668,18.433333333333334,18.466666666666665,0.0,84.06666666666666,,11.0,,0.0,4.0
53,53,2023-12-20 05:00:00,1.0,1.0333333333333334,,1.05,1.0666666666666669,,8.566666666666666,9.8,9.85,9.85,9.85,0.0,84.14000000000001,,11.0,,0.0,4.0
54,54,2023-12-20 06:00:00,1.6,1.7833333333333334,,1.7833333333333334,1.7833333333333334,,12.316666666666666,14.2,14.25,14.25,14.25,0.2666666666666666,84.77,,11.0,,0.0,0.8666666666666667
55,55,2023-12-20 07:00:00,4.7,4.933333333333334,,4.966666666666667,4.983333333333333,,33.7,38.68333333333333,38.8,38.8,38.8,0.0,84.73333333333333,,10.85,,0.0,0.2
56,56,2023-12-20 08:00:00,9.85,10.5,,10.583333333333334,10.616666666666667,,71.31666666666666,82.1,82.43333333333334,82.51666666666667,82.51666666666667,0.0,84.52333333333333,,10.433333333333334,,0.0,0.0
57,57,2023-12-20 09:00:00,5.083333333333333,5.366666666666666,,5.4,5.416666666666667,,37.0,42.56666666666667,42.73333333333333,42.75,42.75,0.0,84.26333333333334,,10.0,,0.0,0.1333333333333333
58,58,2023-12-20 10:00:00,3.933333333333333,4.066666666666666,,4.066666666666666,4.066666666666666,,28.2,32.31666666666667,32.38333333333333,32.4,32.4,0.0,84.03,,10.0,,0.0,0.0
59,59,2023-12-20 11:00:00,3.15,3.4,,3.4,3.4,,23.85,27.416666666666668,27.466666666666665,27.466666666666665,27.466666666666665,0.0,84.04333333333334,,9.4,,0.0,0.0
60,60,2023-12-20 12:00:00,2.1666666666666665,2.3,,2.3,2.3,,15.683333333333334,18.05,18.066666666666663,18.066666666666663,18.066666666666663,0.0,84.03833333333334,,9.0,,0.1333333333333333,0.0
61,61,2023-12-20 13:00:00,1.3333333333333333,1.4833333333333334,,1.4833333333333334,1.4833333333333334,,10.7,12.333333333333334,12.333333333333334,12.333333333333334,12.333333333333334,0.0,84.15,,10.15,,0.0,0.0
62,62,2023-12-20 14:00:00,1.05,1.15,,1.15,1.15,,9.383333333333333,10.8,10.833333333333334,10.833333333333334,10.833333333333334,0.0,84.2,,11.0,,0.0,0.0
63,63,2023-12-20 15:00:00,1.4166666666666667,1.6333333333333333,,1.6333333333333333,1.6333333333333333,,10.683333333333334,12.2,12.216666666666669,12.216666666666669,12.233333333333333,0.0,84.2,,11.0,,0.0,0.0
64,64,2023-12-20 16:00:00,1.9666666666666663,2.0,,2.0,2.0,,13.1,15.016666666666667,15.066666666666666,15.066666666666666,15.066666666666666,0.0,84.2,,11.0,,0.0,0.0
65,65,2023-12-20 17:00:00,1.9833333333333327,2.0,,2.0,2.0,,13.016666666666667,14.95,14.966666666666669,14.966666666666669,14.966666666666669,0.0,84.2,,11.0,,0.0,0.0
66,66,2023-12-20 18:00:00,1.95,2.0,,2.0,2.0,,12.05,13.916666666666666,13.966666666666669,13.966666666666669,13.966666666666669,0.0,84.09333333333333,,11.916666666666666,,0.0,0.0
67,67,2023-12-20 19:00:00,1.7,1.8333333333333333,,1.8333333333333333,1.85,,11.416666666666666,13.15,13.183333333333334,13.183333333333334,13.183333333333334,0.0,84.12333333333335,,12.0,,0.0,0.0
68,68,2023-12-20 20:00:00,1.2166666666666666,1.3333333333333333,,1.3333333333333333,1.3333333333333333,,9.933333333333334,11.416666666666666,11.45,11.466666666666669,11.466666666666669,0.0,84.0,,12.0,,0.0,0.0
69,69,2023-12-20 21:00:00,1.1666666666666667,1.35,,1.3666666666666667,1.3666666666666667,,9.883333333333333,11.4,11.4,11.4,11.4,0.0,84.0,,12.0,,0.0,0.0
70,70,2023-12-20 22:00:00,1.6166666666666667,1.8,,1.8,1.8,,11.4,13.166666666666666,13.216666666666669,13.216666666666669,13.216666666666669,0.0,84.0,,12.0,,0.0,0.0
71,71,2023-12-20 23:00:00,2.0,2.0,,2.0,2.0,,13.88888888888889,16.0,16.11111111111111,16.11111111111111,16.22222222222222,0.0,84.0,,12.0,,0.0,0.0
72,72,2023-12-21 00:00:00,,,,,,,,,,,,,,,,,,
73,73,2023-12-21 01:00:00,,,,,,,,,,,,,,,,,,
74,74,2023-12-21 02:00:00,,,,,,,,,,,,,,,,,,
75,75,2023-12-21 03:00:00,,,,,,,,,,,,,,,,,,
76,76,2023-12-21 04:00:00,,,,,,,,,,,,,,,,,,
77,77,2023-12-21 05:00:00,,,,,,,,,,,,,,,,,,
78,78,2023-12-21 06:00:00,,,,,,,,,,,,,,,,,,
79,79,2023-12-21 07:00:00,,,,,,,,,,,,,,,,,,
80,80,2023-12-21 08:00:00,,,,,,,,,,,,,,,,,,
81,81,2023-12-21 09:00:00,,,,,,,,,,,,,,,,,,
82,82,2023-12-21 10:00:00,,,,,,,,,,,,,,,,,,
83,83,2023-12-21 11:00:00,,,,,,,,,,,,,,,,,,
84,84,2023-12-21 12:00:00,,,,,,,,,,,,,,,,,,
85,85,2023-12-21 13:00:00,,,,,,,,,,,,,,,,,,
86,86,2023-12-21 14:00:00,,,,,,,,,,,,,,,,,,
87,87,2023-12-21 15:00:00,,,,,,,,,,,,,,,,,,
88,88,2023-12-21 16:00:00,,,,,,,,,,,,,,,,,,
89,89,2023-12-21 17:00:00,0.4363636363636363,0.4909090909090909,,0.4909090909090909,0.4909090909090909,,3.363636363636364,3.981818181818182,3.981818181818182,3.981818181818182,4.0,0.0,83.7,,17.0,,0.0,4.0
90,90,2023-12-21 18:00:00,0.5666666666666667,0.6833333333333333,,0.7166666666666667,0.7166666666666667,,3.9166666666666665,4.516666666666667,4.516666666666667,4.516666666666667,4.516666666666667,0.0,83.78666666666666,,17.0,,0.0,4.0
91,91,2023-12-21 19:00:00,0.0,0.05,,0.05,0.05,,2.583333333333333,2.9833333333333334,3.0,3.0166666666666666,3.0166666666666666,0.0,83.8,,17.0,,0.0,4.0
92,92,2023-12-21 20:00:00,0.0,0.0,,0.0,0.0,,2.097560975609756,2.3902439024390243,2.3902439024390243,2.3902439024390243,2.3902439024390243,0.0,83.8,,16.5609756097561,,0.0,4.0
93,93,2023-12-21 21:00:00,,,,,,,,,,,,,,,,,,
94,94,2023-12-21 22:00:00,,,,,,,,,,,,,,,,,,
95,95,2023-12-21 23:00:00,,,,,,,,,,,,,,,,,,
96,96,2023-12-22 00:00:00,,,,,,,,,,,,,,,,,,
97,97,2023-12-22 01:00:00,,,,,,,,,,,,,,,,,,
98,98,2023-12-22 02:00:00,,,,,,,,,,,,,,,,,,
99,99,2023-12-22 03:00:00,,,,,,,,,,,,,,,,,,
100,100,2023-12-22 04:00:00,,,,,,,,,,,,,,,,,,
101,101,2023-12-22 05:00:00,,,,,,,,,,,,,,,,,,
102,102,2023-12-22 06:00:00,6.695652173913044,7.130434782608695,,7.260869565217392,7.304347826086956,,48.391304347826086,55.93478260869565,56.21739130434783,56.28260869565217,56.28260869565217,0.0,83.3,,14.673913043478262,,0.0,4.0
103,103,2023-12-22 07:00:00,9.264150943396226,9.943396226415096,,9.962264150943396,9.9811320754717,,67.47169811320755,77.62264150943396,77.9245283018868,77.9245283018868,77.9622641509434,0.0,82.93396226415095,,14.169811320754716,,0.0,1.981132075471698
104,104,2023-12-22 08:00:00,11.066666666666666,11.85,,11.9,11.9,,81.31666666666666,93.35,93.58333333333331,93.61666666666666,93.68333333333334,0.0,83.64666666666668,,14.0,,0.0,0.0
105,105,2023-12-22 09:00:00,8.683333333333334,9.2,,9.233333333333333,9.283333333333331,,63.083333333333336,72.41666666666667,72.68333333333334,72.73333333333333,72.75,0.0,83.91666666666667,,14.0,,0.0,0.0
106,106,2023-12-22 10:00:00,4.5,4.716666666666667,,4.716666666666667,4.716666666666667,,33.0,37.81666666666667,37.96666666666667,38.016666666666666,38.016666666666666,0.0,83.80333333333333,,14.0,,0.0,0.0
107,107,2023-12-22 11:00:00,2.55,2.65,,2.65,2.65,,18.9,21.766666666666666,21.8,21.8,21.816666666666663,0.0,83.715,,13.766666666666667,,0.0,0.0
108,108,2023-12-22 12:00:00,1.6,1.7333333333333334,,1.7333333333333334,1.7333333333333334,,11.366666666666667,13.033333333333331,13.066666666666666,13.066666666666666,13.066666666666666,0.0,83.715,,13.0,,0.0,0.0
109,109,2023-12-22 13:00:00,1.2166666666666666,1.2666666666666666,,1.2666666666666666,1.2666666666666666,,9.05,10.383333333333333,10.383333333333333,10.4,10.4,0.0,83.7,,13.716666666666669,,0.0,0.0
110,110,2023-12-22 14:00:00,1.05,1.0833333333333333,,1.1,1.1,,8.516666666666667,9.716666666666669,9.75,9.766666666666667,9.766666666666667,0.0,83.65333333333334,,14.0,,0.0,0.0
111,111,2023-12-22 15:00:00,1.6,1.8333333333333333,,1.85,1.85,,11.583333333333334,13.266666666666667,13.3,13.316666666666666,13.316666666666666,0.2666666666666666,83.54333333333334,,14.0,,0.0,0.2666666666666666
112,112,2023-12-22 16:00:00,2.4166666666666665,2.533333333333333,,2.6,2.6,,17.433333333333334,20.08333333333333,20.2,20.216666666666665,20.216666666666665,0.0,83.55666666666666,,14.0,,0.0,0.0
113,113,2023-12-22 17:00:00,3.0,3.0166666666666666,,3.033333333333333,3.033333333333333,,20.566666666666663,23.73333333333333,23.85,23.866666666666667,23.866666666666667,0.0,83.65,,14.0,,0.0,0.0
114,114,2023-12-22 18:00:00,2.816666666666667,2.9833333333333334,,3.0,3.0,,19.383333333333333,22.33333333333333,22.383333333333333,22.4,22.4,0.0,83.58333333333333,,14.0,,0.0,0.0
115,115,2023-12-22 19:00:00,2.6666666666666665,2.9,,2.9,2.9166666666666665,,18.83333333333333,21.633333333333333,21.75,21.75,21.766666666666666,0.0,83.62666666666668,,14.0,,0.0,0.0
116,116,2023-12-22 20:00:00,2.0172413793103448,2.2758620689655173,,2.327586206896552,2.3793103448275863,,16.29310344827586,18.74137931034483,18.879310344827587,18.93103448275862,18.93103448275862,0.0,83.73793103448276,,14.0,,0.0,0.0172413793103448
117,117,2023-12-22 21:00:00,2.0166666666666666,2.1,,2.1333333333333333,2.15,,15.466666666666669,17.75,17.8,17.8,17.8,0.0,83.80333333333333,,14.266666666666667,,0.0,0.0
118,118,2023-12-22 22:00:00,2.0,2.0,,2.0,2.0,,13.4,15.35,15.433333333333334,15.433333333333334,15.433333333333334,0.0,83.58500000000001,,15.0,,0.0,0.0
119,119,2023-12-22 23:00:00,1.6,1.75,,1.7666666666666666,1.7833333333333334,,11.266666666666667,12.85,12.95,12.95,12.95,0.0,83.47666666666667,,15.0,,0.0,0.0
120,120,2023-12-23 00:00:00,1.0333333333333334,1.15,,1.15,1.1666666666666667,,9.35,10.816666666666666,10.833333333333334,10.85,10.85,0.0,83.55666666666666,,15.0,,0.0,0.0
121,121,2023-12-23 01:00:00,1.4333333333333331,1.6,,1.6166666666666667,1.6166666666666667,,10.733333333333333,12.333333333333334,12.4,12.4,12.4,0.0,83.35666666666665,,15.0,,0.0,0.0
122,122,2023-12-23 02:00:00,1.5333333333333334,1.8333333333333333,,1.8333333333333333,1.8333333333333333,,11.3,13.0,13.016666666666667,13.016666666666667,13.016666666666667,0.0,83.68666666666667,,14.25,,0.0,0.0
123,123,2023-12-23 03:00:00,1.0666666666666669,1.2833333333333334,,1.3,1.3166666666666669,,9.516666666666667,11.033333333333331,11.033333333333331,11.033333333333331,11.033333333333331,0.0,83.51333333333334,,14.0,,0.0,0.0
124,124,2023-12-23 04:00:00,1.6833333333333331,1.8333333333333333,,1.8666666666666667,1.8666666666666667,,12.6,14.566666666666666,14.6,14.6,14.6,0.0,83.955,,14.0,,0.0,0.0
125,125,2023-12-23 05:00:00,2.833333333333333,3.0,,3.0166666666666666,3.0166666666666666,,20.133333333333333,23.133333333333333,23.266666666666666,23.266666666666666,23.28333333333333,0.0,84.59666666666666,,14.0,,0.0,0.0
126,126,2023-12-23 06:00:00,2.7,2.833333333333333,,2.85,2.85,,18.98333333333333,21.766666666666666,21.883333333333333,21.883333333333333,21.9,0.0,84.63166666666666,,14.0,,0.0,0.0
127,127,2023-12-23 07:00:00,2.316666666666667,2.6333333333333333,,2.65,2.6666666666666665,,17.6,20.23333333333333,20.33333333333333,20.33333333333333,20.33333333333333,0.0,84.78500000000001,,14.016666666666667,,0.0,0.0
128,128,2023-12-23 08:00:00,2.1333333333333333,2.216666666666667,,2.2333333333333334,2.25,,15.616666666666667,17.966666666666665,18.05,18.08333333333333,18.08333333333333,0.0,84.13833333333334,,14.883333333333333,,0.0,0.0
129,129,2023-12-23 09:00:00,1.9833333333333327,2.0,,2.0,2.0,,12.866666666666667,14.833333333333334,14.866666666666667,14.866666666666667,14.866666666666667,0.0,84.46000000000001,,14.866666666666667,,0.0,0.0
130,130,2023-12-23 10:00:00,1.7833333333333334,1.9666666666666663,,1.9833333333333327,1.9833333333333327,,11.65,13.383333333333333,13.45,13.45,13.466666666666669,0.0,84.43,,14.833333333333334,,0.0,0.0
131,131,2023-12-23 11:00:00,3.05,3.3666666666666667,,3.3833333333333333,3.4,,22.133333333333333,25.516666666666666,25.58333333333333,25.58333333333333,25.58333333333333,0.0,84.22333333333333,,15.0,,0.0,0.0
132,132,2023-12-23 12:00:00,1.8833333333333333,2.1333333333333333,,2.1333333333333333,2.1333333333333333,,13.35,15.283333333333331,15.416666666666666,15.45,15.45,0.0,84.225,,15.0,,0.0,1.3333333333333333
133,133,2023-12-23 13:00:00,1.85,1.9833333333333327,,1.9833333333333327,1.9833333333333327,,12.583333333333334,14.483333333333333,14.5,14.5,14.5,0.0,83.84666666666666,,15.0,,0.0,4.0
134,134,2023-12-23 14:00:00,3.033333333333333,3.2333333333333334,,3.2666666666666666,3.283333333333333,,21.98333333333333,25.25,25.383333333333333,25.383333333333333,25.383333333333333,0.0,83.8,,14.066666666666666,,0.0,4.0
135,135,2023-12-23 15:00:00,4.533333333333333,4.816666666666666,,4.866666666666666,4.866666666666666,,32.86666666666667,37.9,37.98333333333333,38.016666666666666,38.03333333333333,0.0,83.8,,14.0,,0.0,4.0
136,136,2023-12-23 16:00:00,5.45,5.916666666666667,,6.0,6.083333333333333,,39.75,45.8,45.96666666666667,46.016666666666666,46.016666666666666,0.0,83.8,,14.0,,0.0,4.0
137,137,2023-12-23 17:00:00,7.366666666666666,7.9,,7.95,8.05,,52.81666666666667,60.9,61.266666666666666,61.36666666666667,61.45,0.0,83.79833333333333,,14.0,,0.0,2.6666666666666665
138,138,2023-12-23 18:00:00,7.633333333333334,8.233333333333333,,8.316666666666666,8.4,,55.28333333333333,63.73333333333333,64.01666666666667,64.1,64.1,0.0,83.83333333333333,,13.2,,0.0,0.0
139,139,2023-12-23 19:00:00,7.016666666666667,7.666666666666667,,7.766666666666667,7.8,,51.083333333333336,58.86666666666667,59.15,59.16666666666666,59.18333333333333,0.0,84.21499999999999,,13.016666666666667,,0.0,0.0
140,140,2023-12-23 20:00:00,6.7,7.266666666666667,,7.366666666666666,7.383333333333334,,48.43333333333333,55.86666666666667,56.16666666666666,56.2,56.2,0.0,84.23666666666666,,13.0,,0.0,0.0
141,141,2023-12-23 21:00:00,5.816666666666666,6.116666666666666,,6.183333333333334,6.25,,41.66666666666666,47.96666666666667,48.23333333333333,48.266666666666666,48.266666666666666,0.0,84.50833333333334,,13.0,,0.0,0.0
142,142,2023-12-23 22:00:00,4.616666666666666,4.966666666666667,,5.083333333333333,5.116666666666666,,33.56666666666667,38.7,38.93333333333333,38.95,38.95,0.0,84.125,,13.0,,0.0,0.0
143,143,2023-12-23 23:00:00,3.6,3.8333333333333335,,3.9166666666666665,3.9166666666666665,,26.066666666666663,29.966666666666665,30.133333333333333,30.133333333333333,30.133333333333333,0.0,84.46333333333334,,13.0,,0.0,0.0
144,144,2023-12-24 00:00:00,3.0166666666666666,3.15,,3.183333333333333,3.183333333333333,,22.0,25.366666666666667,25.433333333333334,25.45,25.45,0.0,84.15333333333334,,13.0,,0.0,0.0
145,145,2023-12-24 01:00:00,2.9833333333333334,3.0166666666666666,,3.0166666666666666,3.0166666666666666,,20.766666666666666,23.95,24.08333333333333,24.1,24.1,0.0,84.69166666666666,,13.0,,0.0,0.0
146,146,2023-12-24 02:00:00,3.0,3.1166666666666667,,3.15,3.2,,22.133333333333333,25.416666666666668,25.566666666666663,25.58333333333333,25.58333333333333,0.0,83.99,,13.0,,0.0,0.0
147,147,2023-12-24 03:00:00,3.066666666666667,3.5166666666666666,,3.55,3.633333333333333,,23.55,27.133333333333333,27.23333333333333,27.23333333333333,27.25,0.0,84.0,,13.0,,0.0,0.0
148,148,2023-12-24 04:00:00,3.5,3.933333333333333,,4.0,4.05,,26.28333333333333,30.25,30.35,30.366666666666667,30.366666666666667,0.0,84.73,,12.9,,0.0,0.0
149,149,2023-12-24 05:00:00,5.166666666666667,5.5,,5.6,5.633333333333334,,37.25,42.98333333333333,43.1,43.11666666666667,43.13333333333333,0.0,84.36999999999999,,13.0,,0.0,0.0
150,150,2023-12-24 06:00:00,5.216666666666667,5.75,,5.816666666666666,5.866666666666666,,38.55,44.43333333333333,44.66666666666666,44.66666666666666,44.7,0.0,84.35333333333332,,13.0,,0.0,0.0
151,151,2023-12-24 07:00:00,5.85,6.233333333333333,,6.283333333333333,6.283333333333333,,41.78333333333333,48.16666666666666,48.41666666666666,48.43333333333333,48.45,0.0,84.31666666666666,,13.0,,0.0,0.0
152,152,2023-12-24 08:00:00,5.883333333333334,6.183333333333334,,6.233333333333333,6.3,,42.016666666666666,48.56666666666667,48.66666666666666,48.71666666666667,48.71666666666667,0.0,83.97666666666667,,13.0,,0.0,0.0
153,153,2023-12-24 09:00:00,6.133333333333334,6.616666666666666,,6.716666666666667,6.75,,44.21666666666667,50.98333333333333,51.21666666666667,51.28333333333333,51.3,0.0,85.1,,12.9,,0.0,0.0
154,154,2023-12-24 10:00:00,7.633333333333334,8.183333333333334,,8.3,8.333333333333334,,54.56666666666667,62.88333333333333,63.11666666666667,63.25,63.25,0.0,88.40333333333334,,12.0,,0.0,0.0
155,155,2023-12-24 11:00:00,8.133333333333333,8.716666666666667,,8.75,8.766666666666667,,57.85,66.51666666666667,66.75,66.76666666666667,66.78333333333333,0.0,88.55333333333333,,12.0,,0.0,0.0
156,156,2023-12-24 12:00:00,6.783333333333333,7.366666666666666,,7.383333333333334,7.4,,48.4,55.7,55.88333333333333,55.93333333333333,55.95,0.0,88.68666666666667,,12.0,,0.0,0.0
157,157,2023-12-24 13:00:00,5.633333333333334,6.066666666666666,,6.066666666666666,6.083333333333333,,40.16666666666666,46.083333333333336,46.266666666666666,46.333333333333336,46.333333333333336,0.0,88.68333333333334,,12.0,,0.0,0.0
158,158,2023-12-24 14:00:00,5.0,5.183333333333334,,5.233333333333333,5.233333333333333,,35.516666666666666,40.88333333333333,40.98333333333333,41.016666666666666,41.05,0.0,88.66333333333334,,12.0,,0.0,0.0
159,159,2023-12-24 15:00:00,4.966666666666667,5.066666666666666,,5.116666666666666,5.15,,34.833333333333336,40.15,40.25,40.25,40.266666666666666,0.0,88.51,,12.0,,0.0,0.0
160,160,2023-12-24 16:00:00,4.55,4.9,,4.933333333333334,4.933333333333334,,32.61666666666667,37.48333333333333,37.61666666666667,37.63333333333333,37.65,0.0,88.5,,12.0,,0.0,0.0
161,161,2023-12-24 17:00:00,4.0,4.133333333333334,,4.15,4.166666666666667,,28.266666666666666,32.43333333333333,32.56666666666667,32.6,32.61666666666667,0.0,88.5,,12.0,,0.0,0.0
162,162,2023-12-24 18:00:00,3.533333333333333,3.933333333333333,,3.933333333333333,3.933333333333333,,25.23333333333333,28.9,28.966666666666665,29.0,29.0,0.0,88.5,,12.0,,0.0,0.0
163,163,2023-12-24 19:00:00,3.183333333333333,3.716666666666667,,3.716666666666667,3.75,,24.05,27.616666666666667,27.78333333333333,27.78333333333333,27.8,0.0,88.5,,12.0,,0.0,0.0
164,164,2023-12-24 20:00:00,3.7,3.966666666666667,,3.966666666666667,3.966666666666667,,25.48333333333333,29.216666666666665,29.33333333333333,29.33333333333333,29.35,0.0,88.5,,12.45,,0.0,0.0
165,165,2023-12-24 21:00:00,3.716666666666667,4.0,,4.0,4.0,,26.183333333333334,30.15,30.25,30.25,30.25,0.0,88.5,,13.0,,0.0,0.0
166,166,2023-12-24 22:00:00,3.966666666666667,4.066666666666666,,4.083333333333333,4.1,,27.83333333333333,31.98333333333333,32.06666666666667,32.1,32.11666666666667,0.0,88.5,,13.0,,0.0,0.0
167,167,2023-12-24 23:00:00,3.8,4.0,,4.0,4.0,,26.466666666666665,30.383333333333333,30.48333333333333,30.48333333333333,30.48333333333333,0.0,88.5,,13.0,,0.0,0.0
168,168,2023-12-25 00:00:00,3.75,3.983333333333333,,4.0,4.0,,26.15,30.016666666666666,30.183333333333334,30.23333333333333,30.23333333333333,0.0,88.5,,13.0,,0.0,0.0
169,169,2023-12-25 01:00:00,3.983333333333333,4.033333333333333,,4.066666666666666,4.083333333333333,,27.0,31.166666666666668,31.266666666666666,31.3,31.35,0.0,88.5,,13.866666666666667,,0.0,0.0
170,170,2023-12-25 02:00:00,7.85,8.916666666666666,,9.466666666666669,9.733333333333333,,53.833333333333336,63.23333333333333,64.08333333333333,64.25,64.3,0.0,88.14,,14.733333333333333,,0.0,0.0
171,171,2023-12-25 03:00:00,7.583333333333333,8.85,,9.6,9.983333333333333,,51.53333333333333,61.03333333333333,62.083333333333336,62.38333333333333,62.45,0.0,87.86666666666666,,15.016666666666667,,0.0,0.0
172,172,2023-12-25 04:00:00,8.083333333333334,9.6,,10.55,10.9,,54.86666666666667,65.13333333333334,66.51666666666667,66.76666666666667,66.78333333333333,0.0,88.08,,15.0,,0.0,0.0
173,173,2023-12-25 05:00:00,8.733333333333333,10.4,,11.25,11.6,,59.333333333333336,70.33333333333333,71.75,71.95,71.98333333333333,0.0,88.2,,15.0,,0.0,0.0
174,174,2023-12-25 06:00:00,8.266666666666667,9.916666666666666,,10.833333333333334,11.316666666666666,,55.61666666666667,66.25,67.61666666666666,67.88333333333334,68.01666666666667,0.0,88.21666666666667,,15.0,,0.0,0.0
175,175,2023-12-25 07:00:00,8.783333333333333,10.466666666666669,,11.483333333333333,11.95,,59.53333333333333,70.78333333333333,72.26666666666667,72.6,72.66666666666667,0.0,88.2,,15.0,,0.0,0.0
176,176,2023-12-25 08:00:00,12.633333333333333,14.7,,15.766666666666667,16.416666666666668,,86.33333333333333,101.91666666666669,103.5,103.88333333333334,103.96666666666668,0.0,88.2,,15.0,,0.0,0.0
177,177,2023-12-25 09:00:00,12.35,14.85,,16.316666666666666,17.1,,82.63333333333334,98.7,100.75,101.26666666666668,101.41666666666669,0.0,88.19666666666667,,15.0,,0.0,0.0
178,178,2023-12-25 10:00:00,11.95,15.616666666666667,,18.166666666666668,19.383333333333333,,76.31666666666666,93.88333333333334,97.38333333333334,98.01666666666668,98.21666666666668,0.0,88.16333333333334,,15.0,,0.0,0.0
179,179,2023-12-25 11:00:00,10.133333333333333,13.7,,16.133333333333333,17.316666666666666,,63.98333333333333,79.48333333333333,82.73333333333333,83.48333333333333,83.65,0.0,88.06,,15.0,,0.0,0.0
180,180,2023-12-25 12:00:00,9.033333333333331,11.416666666666666,,13.0,13.766666666666667,,59.06666666666667,71.78333333333333,73.86666666666666,74.31666666666666,74.5,0.0,88.13666666666667,,15.0,,0.0,0.0
181,181,2023-12-25 13:00:00,5.116666666666666,6.15,,6.716666666666667,7.116666666666666,,33.86666666666667,40.43333333333333,41.333333333333336,41.56666666666667,41.61666666666667,0.0,88.15,,15.0,,0.0,0.0
182,182,2023-12-25 14:00:00,3.8333333333333335,4.466666666666667,,4.983333333333333,5.15,,25.133333333333333,29.9,30.55,30.716666666666665,30.75,0.0,88.24166666666666,,15.0,,0.0,0.0
183,183,2023-12-25 15:00:00,4.016666666666667,4.733333333333333,,5.216666666666667,5.433333333333334,,26.633333333333333,31.75,32.35,32.43333333333333,32.46666666666667,0.0,88.3,,15.0,,0.0,0.0
184,184,2023-12-25 16:00:00,4.066666666666666,4.983333333333333,,5.266666666666667,5.45,,28.33333333333333,33.53333333333333,34.06666666666667,34.266666666666666,34.31666666666667,0.0,88.3,,15.0,,0.0,0.0
185,185,2023-12-25 17:00:00,4.166666666666667,5.033333333333333,,5.316666666666666,5.45,,29.45,34.75,35.166666666666664,35.28333333333333,35.333333333333336,0.0,88.35333333333332,,15.0,,0.0,0.0
186,186,2023-12-25 18:00:00,4.016666666666667,4.65,,4.883333333333334,5.066666666666666,,28.15,33.0,33.43333333333333,33.583333333333336,33.6,0.0,88.47333333333333,,15.0,,0.0,0.0
187,187,2023-12-25 19:00:00,3.3666666666666667,3.816666666666667,,4.0,4.083333333333333,,23.75,27.633333333333333,27.916666666666668,27.933333333333334,27.95,0.0,88.5,,15.0,,0.0,0.0
188,188,2023-12-25 20:00:00,3.0,3.066666666666667,,3.1333333333333333,3.1666666666666665,,20.316666666666663,23.516666666666666,23.633333333333333,23.65,23.65,0.0,88.5,,15.0,,0.0,0.0
189,189,2023-12-25 21:00:00,2.95,3.0,,3.0,3.0,,19.566666666666663,22.433333333333334,22.58333333333333,22.616666666666667,22.616666666666667,0.0,88.5,,15.0,,0.0,0.0
190,190,2023-12-25 22:00:00,2.716666666666667,2.933333333333333,,2.933333333333333,2.933333333333333,,18.4,21.2,21.316666666666663,21.35,21.35,0.0,88.5,,15.416666666666666,,0.0,0.0
191,191,2023-12-25 23:00:00,2.816666666666667,2.966666666666667,,2.966666666666667,2.966666666666667,,18.866666666666667,21.666666666666668,21.766666666666666,21.78333333333333,21.78333333333333,0.0,88.5,,16.0,,0.0,0.0
192,192,2023-12-26 00:00:00,2.65,2.9,,2.933333333333333,2.933333333333333,,18.316666666666663,21.03333333333333,21.08333333333333,21.116666666666667,21.116666666666667,0.0,88.5,,16.0,,0.0,0.0
193,193,2023-12-26 01:00:00,1.933333333333333,2.05,,2.066666666666667,2.083333333333333,,13.5,15.533333333333331,15.566666666666666,15.566666666666666,15.566666666666666,0.0,88.5,,16.0,,0.0,0.0
194,194,2023-12-26 02:00:00,1.9,3.1166666666666667,,3.866666666666666,4.183333333333334,,11.55,15.216666666666669,16.133333333333333,16.366666666666667,16.416666666666668,0.0,88.135,,14.983333333333333,,0.0,0.0
195,195,2023-12-26 03:00:00,1.2333333333333334,1.3166666666666669,,1.3166666666666669,1.3166666666666669,,9.75,11.15,11.233333333333333,11.233333333333333,11.233333333333333,0.0,87.86666666666666,,13.7,,0.0,0.0
196,196,2023-12-26 04:00:00,1.9833333333333327,2.0,,2.0,2.0,,13.116666666666667,15.05,15.083333333333334,15.1,15.1,0.0,88.0,,12.383333333333333,,0.0,0.0
197,197,2023-12-26 05:00:00,2.1333333333333333,2.283333333333333,,2.283333333333333,2.283333333333333,,16.05,18.316666666666663,18.366666666666667,18.366666666666667,18.383333333333333,0.0,88.17333333333335,,12.0,,0.0,0.0
198,198,2023-12-26 06:00:00,5.866666666666666,6.1,,6.116666666666666,6.116666666666666,,41.03333333333333,47.13333333333333,47.266666666666666,47.3,47.31666666666667,0.0,88.24333333333334,,12.0,,0.0,0.0
199,199,2023-12-26 07:00:00,6.35,6.783333333333333,,6.783333333333333,6.783333333333333,,45.8,52.48333333333333,52.6,52.63333333333333,52.66666666666666,0.0,88.51666666666667,,12.466666666666669,,0.0,0.0
200,200,2023-12-26 08:00:00,3.083333333333333,3.2333333333333334,,3.2333333333333334,3.2333333333333334,,22.83333333333333,26.266666666666666,26.35,26.35,26.35,0.0,88.56,,12.0,,0.0,0.0
201,201,2023-12-26 09:00:00,3.7,3.966666666666667,,3.966666666666667,3.966666666666667,,25.95,29.73333333333333,29.85,29.85,29.866666666666667,0.0,88.42666666666668,,12.0,,0.0,0.0
202,202,2023-12-26 10:00:00,3.316666666666667,3.6,,3.6,3.6,,24.166666666666668,27.683333333333334,27.716666666666665,27.716666666666665,27.73333333333333,0.0,88.30333333333333,,12.383333333333333,,0.0,0.0
203,203,2023-12-26 11:00:00,2.65,2.8,,2.8,2.8,,18.966666666666665,21.8,21.816666666666663,21.816666666666663,21.816666666666663,0.0,88.3,,13.0,,0.0,0.0
204,204,2023-12-26 12:00:00,2.033333333333333,2.183333333333333,,2.183333333333333,2.183333333333333,,15.666666666666666,18.016666666666666,18.03333333333333,18.03333333333333,18.03333333333333,0.0,88.3,,12.416666666666666,,0.0,0.0
205,205,2023-12-26 13:00:00,2.0,2.05,,2.05,2.05,,13.816666666666666,15.95,15.966666666666669,15.966666666666669,15.983333333333333,0.0,88.28666666666666,,12.783333333333331,,0.0,0.0
206,206,2023-12-26 14:00:00,2.0,2.0,,2.0,2.0,,14.15,16.25,16.25,16.266666666666666,16.266666666666666,0.0,87.665,,13.15,,0.0,0.1333333333333333
207,207,2023-12-26 15:00:00,2.0166666666666666,2.033333333333333,,2.033333333333333,2.033333333333333,,15.483333333333333,17.833333333333332,17.866666666666667,17.883333333333333,17.883333333333333,0.0,83.59833333333333,,14.35,,0.0,0.0
208,208,2023-12-26 16:00:00,1.9833333333333327,2.0,,2.0,2.0,,13.8,15.85,15.866666666666667,15.866666666666667,15.866666666666667,0.0,83.17,,15.0,,0.0,0.0
209,209,2023-12-26 17:00:00,1.9,1.9833333333333327,,1.9833333333333327,1.9833333333333327,,12.333333333333334,14.216666666666669,14.233333333333333,14.233333333333333,14.25,0.0,83.26666666666667,,15.0,,0.0,0.0
210,210,2023-12-26 18:00:00,1.933333333333333,1.9666666666666663,,1.9666666666666663,1.9666666666666663,,13.316666666666666,15.3,15.35,15.35,15.366666666666667,0.0,83.37833333333333,,15.0,,0.0,0.0
211,211,2023-12-26 19:00:00,1.65,1.9166666666666667,,1.9166666666666667,1.9166666666666667,,11.4,12.983333333333333,13.0,13.016666666666667,13.016666666666667,0.0,83.02333333333333,,15.0,,0.0,0.0
212,212,2023-12-26 20:00:00,1.6,1.85,,1.85,1.85,,11.316666666666666,13.083333333333334,13.116666666666667,13.116666666666667,13.116666666666667,0.0,82.98,,15.0,,0.0,0.0
213,213,2023-12-26 21:00:00,2.0,2.0,,2.0,2.0,,13.533333333333331,15.566666666666666,15.6,15.6,15.6,0.0,83.43666666666667,,14.916666666666666,,0.0,0.4666666666666667
214,214,2023-12-26 22:00:00,2.0,2.0,,2.0,2.0,,14.366666666666667,16.466666666666665,16.516666666666666,16.516666666666666,16.516666666666666,0.0,83.56166666666667,,14.866666666666667,,0.0,0.0
215,215,2023-12-26 23:00:00,2.0,2.0166666666666666,,2.0166666666666666,2.0166666666666666,,14.583333333333334,16.733333333333334,16.75,16.75,16.75,0.0,84.30166666666668,,14.3,,0.0,0.0
216,216,2023-12-27 00:00:00,2.033333333333333,2.1,,2.1,2.1,,15.05,17.3,17.316666666666666,17.316666666666666,17.316666666666666,0.0,83.73166666666665,,14.95,,0.0,0.0
217,217,2023-12-27 01:00:00,2.033333333333333,2.1333333333333333,,2.1333333333333333,2.1333333333333333,,15.533333333333331,17.766666666666666,17.8,17.8,17.816666666666666,0.0,84.41000000000001,,14.283333333333331,,0.0,0.0
218,218,2023-12-27 02:00:00,1.9166666666666667,1.9666666666666663,,1.9666666666666663,1.9666666666666663,,13.35,15.333333333333334,15.366666666666667,15.383333333333333,15.383333333333333,0.0,83.54666666666667,,14.683333333333334,,0.1333333333333333,0.0
219,219,2023-12-27 03:00:00,1.8,1.9666666666666663,,1.9666666666666663,1.9666666666666663,,12.25,14.066666666666666,14.066666666666666,14.066666666666666,14.066666666666666,0.0,83.76833333333335,,15.0,,0.0,0.0
220,220,2023-12-27 04:00:00,1.8,1.9,,1.9,1.9,,13.216666666666669,15.166666666666666,15.2,15.216666666666669,15.216666666666669,0.0,84.51,,15.416666666666666,,0.0,0.0
221,221,2023-12-27 05:00:00,1.9833333333333327,2.1166666666666667,,2.1166666666666667,2.1166666666666667,,14.016666666666667,16.133333333333333,16.183333333333334,16.2,16.2,0.0,84.92,,16.0,,0.0,0.0
222,222,2023-12-27 06:00:00,2.2333333333333334,2.4833333333333334,,2.5,2.5,,16.366666666666667,18.766666666666666,18.816666666666663,18.83333333333333,18.83333333333333,0.0,84.50333333333333,,16.65,,0.0,0.0
223,223,2023-12-27 07:00:00,1.0833333333333333,1.0833333333333333,,1.0833333333333333,1.0833333333333333,,8.066666666666666,9.233333333333333,9.25,9.25,9.25,0.0,84.17333333333333,,17.0,,0.0,0.0
224,224,2023-12-27 08:00:00,1.0333333333333334,1.1,,1.1,1.1,,8.55,9.816666666666666,9.9,9.9,9.9,0.0,85.10666666666665,,17.016666666666666,,0.0,0.1333333333333333
225,225,2023-12-27 09:00:00,2.683333333333333,2.7666666666666666,,2.7666666666666666,2.7666666666666666,,19.73333333333333,22.616666666666667,22.7,22.7,22.716666666666665,0.0,83.905,,17.883333333333333,,0.1333333333333333,0.0666666666666666
226,226,2023-12-27 10:00:00,3.9,4.183333333333334,,4.3,4.333333333333333,,28.3,32.68333333333333,32.916666666666664,32.93333333333333,32.95,0.0,83.30666666666666,,18.0,,0.0,0.0
227,227,2023-12-27 11:00:00,0.9833333333333332,0.9833333333333332,,0.9833333333333332,0.9833333333333332,,5.1,5.916666666666667,5.916666666666667,5.916666666666667,5.916666666666667,0.0,82.93666666666667,,17.566666666666666,,0.0,0.0
228,228,2023-12-27 12:00:00,0.5,0.65,,0.65,0.65,,3.733333333333333,4.116666666666666,4.15,4.15,4.15,0.0,82.875,,17.0,,0.0,0.0
229,229,2023-12-27 13:00:00,0.7166666666666667,0.85,,0.85,0.85,,4.216666666666667,4.8,4.816666666666666,4.816666666666666,4.816666666666666,0.0,82.82,,17.0,,0.0,0.0
230,230,2023-12-27 14:00:00,1.0,1.0,,1.0,1.0,,6.466666666666667,7.383333333333334,7.416666666666667,7.416666666666667,7.416666666666667,0.0,82.80166666666666,,17.0,,0.0,0.0
231,231,2023-12-27 15:00:00,1.0,1.0,,1.0,1.0,,5.066666666666666,5.766666666666667,5.783333333333333,5.783333333333333,5.783333333333333,0.0,82.8,,17.0,,0.0,0.0
232,232,2023-12-27 16:00:00,0.9,0.9333333333333332,,0.9333333333333332,0.9333333333333332,,4.45,5.2,5.2,5.2,5.2,0.0,82.8,,17.0,,0.0,0.0
233,233,2023-12-27 17:00:00,0.5,0.6333333333333333,,0.6333333333333333,0.6333333333333333,,3.733333333333333,4.283333333333333,4.283333333333333,4.3,4.3,0.0,82.8,,17.0,,0.0,0.0
234,234,2023-12-27 18:00:00,0.6833333333333333,0.8333333333333334,,0.8333333333333334,0.8333333333333334,,3.9166666666666665,4.5,4.5,4.5,4.5,0.0,82.8,,17.0,,0.0,0.0
235,235,2023-12-27 19:00:00,0.5166666666666667,0.6833333333333333,,0.6833333333333333,0.6833333333333333,,3.733333333333333,4.316666666666666,4.316666666666666,4.316666666666666,4.316666666666666,0.0,82.8,,17.0,,0.0,0.0
236,236,2023-12-27 20:00:00,1.0,1.0,,1.0,1.0,,5.816666666666666,6.633333333333334,6.65,6.65,6.65,0.0,82.8,,17.0,,0.0,0.0
237,237,2023-12-27 21:00:00,1.0,1.0,,1.0,1.0,,5.433333333333334,6.1,6.1,6.1,6.116666666666666,0.0,82.8,,17.0,,0.0,0.0
238,238,2023-12-27 22:00:00,1.0,1.0,,1.0,1.0,,5.916666666666667,6.783333333333333,6.8,6.8,6.8,0.0,82.8,,17.0,,0.0,0.0
239,239,2023-12-27 23:00:00,1.0,1.0,,1.0,1.0,,5.116666666666666,5.9,5.916666666666667,5.916666666666667,5.916666666666667,0.0,82.8,,17.0,,0.0,0.0
240,240,2023-12-28 00:00:00,0.85,0.9,,0.9,0.9,,4.15,4.833333333333333,4.833333333333333,4.833333333333333,4.85,0.0,82.8,,17.0,,0.0,0.0
241,241,2023-12-28 01:00:00,0.4166666666666667,0.6166666666666667,,0.6166666666666667,0.6166666666666667,,3.616666666666666,4.183333333333334,4.183333333333334,4.2,4.2,0.0,82.78333333333333,,17.0,,0.0,0.0
242,242,2023-12-28 02:00:00,0.7666666666666667,0.9,,0.9,0.9,,4.133333333333334,4.633333333333334,4.65,4.65,4.65,0.0,82.43333333333334,,16.966666666666665,,0.0,0.0
243,243,2023-12-28 03:00:00,0.3333333333333333,0.4333333333333333,,0.4333333333333333,0.4333333333333333,,3.4166666666666665,4.066666666666666,4.066666666666666,4.066666666666666,4.066666666666666,0.0,82.29,,16.033333333333335,,0.0,0.0
244,244,2023-12-28 04:00:00,0.711864406779661,0.7796610169491526,,0.7796610169491526,0.7796610169491526,,4.88135593220339,5.593220338983051,5.6440677966101696,5.6440677966101696,5.6440677966101696,0.0,82.54915254237288,,16.0,,0.0,0.0169491525423728
245,245,2023-12-28 05:00:00,1.0,1.0,,1.0,1.0,,8.333333333333334,9.466666666666669,9.483333333333333,9.483333333333333,9.483333333333333,0.0,82.65666666666667,,16.0,,0.0,0.0
246,246,2023-12-28 06:00:00,1.7333333333333334,1.85,,1.85,1.85,,12.533333333333331,14.35,14.4,14.4,14.4,0.0,82.8,,16.666666666666668,,0.0,0.0
247,247,2023-12-28 07:00:00,1.3333333333333333,1.55,,1.55,1.55,,10.583333333333334,12.166666666666666,12.166666666666666,12.166666666666666,12.183333333333334,0.0,82.80833333333334,,17.0,,0.0,0.0
248,248,2023-12-28 08:00:00,1.1333333333333333,1.1666666666666667,,1.1666666666666667,1.1666666666666667,,9.2,10.616666666666667,10.65,10.65,10.65,0.0,82.8,,17.716666666666665,,0.0,0.0
249,249,2023-12-28 09:00:00,1.0,1.0,,1.0,1.0,,7.233333333333333,8.35,8.35,8.35,8.35,0.0,82.75999999999999,,18.0,,0.0,0.0
250,250,2023-12-28 10:00:00,1.0,1.0,,1.0,1.0,,6.683333333333334,7.683333333333334,7.7,7.7,7.7,0.0,82.79666666666667,,18.0,,0.0,0.0
251,251,2023-12-28 11:00:00,6.95,7.333333333333333,,7.4,7.416666666666667,,50.766666666666666,58.43333333333333,58.65,58.65,58.66666666666666,0.0,82.84666666666666,,18.0,,0.0,0.0
252,252,2023-12-28 12:00:00,2.933333333333333,3.066666666666667,,3.066666666666667,3.066666666666667,,21.183333333333334,24.266666666666666,24.383333333333333,24.383333333333333,24.4,0.0,82.88333333333334,,18.0,,0.0,0.0
253,253,2023-12-28 13:00:00,2.15,2.2333333333333334,,2.2333333333333334,2.2666666666666666,,14.6,16.766666666666666,16.833333333333332,16.85,16.85,0.0,82.8,,18.0,,0.0,0.0
254,254,2023-12-28 14:00:00,2.0,2.0,,2.0166666666666666,2.0166666666666666,,14.633333333333333,16.866666666666667,16.9,16.916666666666668,16.916666666666668,0.0,82.8,,18.0,,0.0,0.0
255,255,2023-12-28 15:00:00,2.0166666666666666,2.083333333333333,,2.083333333333333,2.083333333333333,,15.416666666666666,17.616666666666667,17.683333333333334,17.683333333333334,17.683333333333334,0.0,82.66666666666667,,18.416666666666668,,0.0,0.0
256,256,2023-12-28 16:00:00,1.8166666666666669,1.95,,1.95,1.95,,12.45,14.283333333333331,14.333333333333334,14.333333333333334,14.333333333333334,0.0,82.78333333333333,,19.0,,0.0,0.0
257,257,2023-12-28 17:00:00,1.2333333333333334,1.4833333333333334,,1.4833333333333334,1.4833333333333334,,10.35,11.85,11.9,11.9,11.9,0.0,82.76333333333334,,19.0,,0.0,0.0
258,258,2023-12-28 18:00:00,1.0333333333333334,1.1,,1.1,1.1,,9.233333333333333,10.533333333333331,10.566666666666666,10.583333333333334,10.583333333333334,0.0,82.72666666666666,,19.0,,0.0,0.0
259,259,2023-12-28 19:00:00,1.0,1.0,,1.0169491525423728,1.0169491525423728,,8.559322033898304,9.915254237288137,9.966101694915254,9.966101694915254,9.966101694915254,0.0,82.8,,19.0,,0.0,0.0169491525423728
260,260,2023-12-28 20:00:00,1.0,1.0,,1.0,1.0,,7.766666666666667,8.916666666666666,8.966666666666667,8.966666666666667,8.966666666666667,0.0,82.8,,19.0,,0.0,0.0
261,261,2023-12-28 21:00:00,1.1833333333333331,1.2166666666666666,,1.2166666666666666,1.2166666666666666,,8.466666666666667,9.766666666666667,9.816666666666666,9.816666666666666,9.816666666666666,0.0,82.8,,19.0,,0.0,0.0
262,262,2023-12-28 22:00:00,1.3,1.6,,1.6,1.6,,10.5,12.016666666666667,12.033333333333331,12.033333333333331,12.033333333333331,0.0,82.8,,19.0,,0.0,0.0
263,263,2023-12-28 23:00:00,1.5,1.75,,1.75,1.75,,11.066666666666666,12.85,12.866666666666667,12.866666666666667,12.866666666666667,0.0,82.8,,18.3,,0.0,0.0
264,264,2023-12-29 00:00:00,1.9166666666666667,1.95,,1.95,1.95,,12.266666666666667,14.033333333333331,14.116666666666667,14.116666666666667,14.116666666666667,0.0,82.8,,18.0,,0.0,0.0
265,265,2023-12-29 01:00:00,1.9833333333333327,2.0,,2.0,2.0,,13.35,15.4,15.4,15.416666666666666,15.416666666666666,0.0,82.8,,18.266666666666666,,0.0,0.0
266,266,2023-12-29 02:00:00,1.3333333333333333,1.3666666666666667,,1.3666666666666667,1.3666666666666667,,8.933333333333334,10.216666666666669,10.233333333333333,10.233333333333333,10.233333333333333,0.0,82.55666666666666,,18.95,,0.0,0.0
267,267,2023-12-29 03:00:00,0.4833333333333333,0.6,,0.6,0.6,,3.633333333333333,4.266666666666667,4.266666666666667,4.266666666666667,4.266666666666667,0.0,82.54333333333332,,18.0,,0.0,0.0666666666666666
268,268,2023-12-29 04:00:00,0.1666666666666666,0.2666666666666666,,0.2666666666666666,0.2666666666666666,,3.216666666666667,3.8,3.8,3.8,3.8,0.0,83.16499999999999,,16.966666666666665,,0.0,0.1333333333333333
269,269,2023-12-29 05:00:00,0.5166666666666667,0.6,,0.6,0.6,,3.6666666666666665,4.183333333333334,4.216666666666667,4.216666666666667,4.216666666666667,0.0,84.1,,15.916666666666666,,0.0,0.0
270,270,2023-12-29 06:00:00,0.85,0.9333333333333332,,0.9333333333333332,0.9333333333333332,,5.483333333333333,6.233333333333333,6.233333333333333,6.233333333333333,6.233333333333333,0.0,84.03666666666666,,15.25,,0.0,0.0
271,271,2023-12-29 07:00:00,0.9333333333333332,0.9833333333333332,,0.9833333333333332,0.9833333333333332,,5.766666666666667,6.633333333333334,6.65,6.666666666666667,6.683333333333334,0.0,83.77,,16.0,,0.0,0.0
272,272,2023-12-29 08:00:00,0.5166666666666667,0.65,,0.65,0.65,,3.75,4.3,4.3,4.3,4.3,0.0,83.87333333333332,,16.066666666666666,,0.0,0.0
273,273,2023-12-29 09:00:00,0.9166666666666666,0.9666666666666668,,0.9666666666666668,0.9666666666666668,,4.65,5.3,5.333333333333333,5.333333333333333,5.333333333333333,0.0,83.525,,15.95,,0.0,0.0
274,274,2023-12-29 10:00:00,1.0,1.0166666666666666,,1.0166666666666666,1.0166666666666666,,7.416666666666667,8.4,8.45,8.45,8.45,0.0,83.96166666666666,,15.0,,0.0,0.0
275,275,2023-12-29 11:00:00,1.0333333333333334,1.1,,1.1,1.1,,9.466666666666669,10.85,10.866666666666667,10.866666666666667,10.866666666666667,0.0,83.27666666666666,,14.183333333333334,,0.0,0.0666666666666666
276,276,2023-12-29 12:00:00,1.2333333333333334,1.55,,1.55,1.55,,10.516666666666667,12.083333333333334,12.1,12.116666666666667,12.116666666666667,0.0,83.02833333333334,,14.0,,0.1333333333333333,0.2666666666666666
277,277,2023-12-29 13:00:00,1.0833333333333333,1.1333333333333333,,1.1333333333333333,1.1333333333333333,,8.283333333333333,9.566666666666666,9.583333333333334,9.583333333333334,9.583333333333334,0.0,83.74499999999999,,14.683333333333334,,0.0,0.0
278,278,2023-12-29 14:00:00,1.0,1.0,,1.0,1.0,,8.033333333333333,9.266666666666667,9.3,9.316666666666666,9.316666666666666,0.0,84.05666666666667,,15.0,,0.0,0.0
279,279,2023-12-29 15:00:00,1.0,1.0,,1.0,1.0,,8.566666666666666,9.783333333333331,9.866666666666667,9.866666666666667,9.866666666666667,0.0,84.105,,14.816666666666666,,0.0,0.0
280,280,2023-12-29 16:00:00,1.4333333333333331,1.4666666666666666,,1.4666666666666666,1.4666666666666666,,11.366666666666667,13.0,13.0,13.0,13.016666666666667,0.0,84.04833333333333,,14.25,,0.0,0.0
281,281,2023-12-29 17:00:00,1.7833333333333334,1.9666666666666663,,1.9666666666666663,1.9666666666666663,,12.266666666666667,14.0,14.033333333333331,14.033333333333331,14.05,0.0,83.86166666666666,,14.0,,0.0,0.0
282,282,2023-12-29 18:00:00,1.35,1.4833333333333334,,1.4833333333333334,1.4833333333333334,,10.483333333333333,12.066666666666666,12.116666666666667,12.133333333333333,12.133333333333333,0.0,83.71833333333333,,14.0,,0.0,0.0
283,283,2023-12-29 19:00:00,1.0166666666666666,1.05,,1.05,1.05,,9.033333333333331,10.316666666666666,10.316666666666666,10.333333333333334,10.35,0.0,83.445,,14.0,,0.0,0.0
284,284,2023-12-29 20:00:00,1.0,1.0,,1.0,1.0,,8.1,9.3,9.316666666666666,9.333333333333334,9.333333333333334,0.0,83.765,,13.983333333333333,,0.0,0.0
285,285,2023-12-29 21:00:00,1.0,1.0,,1.0,1.0,,7.516666666666667,8.65,8.666666666666666,8.683333333333334,8.683333333333334,0.0,83.78999999999999,,13.85,,0.0,0.0
286,286,2023-12-29 22:00:00,1.0166666666666666,1.0166666666666666,,1.0166666666666666,1.0166666666666666,,7.683333333333334,8.8,8.833333333333334,8.833333333333334,8.833333333333334,0.0,83.815,,13.75,,0.0,0.0
287,287,2023-12-29 23:00:00,1.2166666666666666,1.4,,1.4,1.4,,10.033333333333331,11.4,11.433333333333334,11.433333333333334,11.433333333333334,0.0,83.60833333333333,,14.0,,0.0,0.0
288,288,2023-12-30 00:00:00,1.0,1.0,,1.0,1.0,,8.283333333333333,9.566666666666666,9.583333333333334,9.583333333333334,9.583333333333334,0.0,83.42333333333333,,14.0,,0.0,0.0
289,289,2023-12-30 01:00:00,1.0166666666666666,1.0166666666666666,,1.0166666666666666,1.0166666666666666,,8.0,9.183333333333334,9.216666666666669,9.216666666666669,9.216666666666669,0.0,83.50166666666665,,14.0,,0.0,0.0
290,290,2023-12-30 02:00:00,1.0,1.0,,1.0,1.0,,7.366666666666666,8.466666666666667,8.483333333333333,8.483333333333333,8.5,0.0,83.25333333333333,,14.0,,0.0,0.0
291,291,2023-12-30 03:00:00,1.0,1.0,,1.0,1.0,,6.883333333333334,7.966666666666667,7.966666666666667,7.966666666666667,7.966666666666667,0.0,83.045,,14.0,,0.0,0.0
292,292,2023-12-30 04:00:00,1.0,1.0,,1.0,1.0,,6.4,7.333333333333333,7.333333333333333,7.35,7.35,0.0,83.50500000000001,,14.0,,0.0,0.0
293,293,2023-12-30 05:00:00,1.0166666666666666,1.0166666666666666,,1.0166666666666666,1.0166666666666666,,7.95,9.116666666666667,9.133333333333333,9.133333333333333,9.133333333333333,0.0,83.115,,14.0,,0.0,0.0
294,294,2023-12-30 06:00:00,1.0,1.0,,1.0,1.0,,6.5423728813559325,7.508474576271187,7.508474576271187,7.508474576271187,7.508474576271187,0.0,86.09661016949153,,13.254237288135592,,0.0,0.0
295,295,2023-12-30 07:00:00,1.0,1.0,,1.0,1.0,,5.433333333333334,6.25,6.283333333333333,6.283333333333333,6.283333333333333,0.0,87.30833333333334,,13.0,,0.0,0.0
296,296,2023-12-30 08:00:00,0.9833333333333332,1.0,,1.0,1.0,,4.95,5.616666666666666,5.633333333333334,5.633333333333334,5.633333333333334,0.0,83.99499999999999,,14.266666666666667,,0.0,0.0
297,297,2023-12-30 09:00:00,1.0,1.0,,1.0,1.0,,4.783333333333333,5.6,5.6,5.6,5.6,0.0,83.34666666666666,,15.0,,0.0,0.0
298,298,2023-12-30 10:00:00,0.9333333333333332,1.0,,1.0,1.0,,4.666666666666667,5.416666666666667,5.416666666666667,5.416666666666667,5.416666666666667,0.0,82.885,,15.0,,0.0,0.0
299,299,2023-12-30 11:00:00,0.9333333333333332,0.9833333333333332,,0.9833333333333332,0.9833333333333332,,5.5,6.283333333333333,6.316666666666666,6.316666666666666,6.316666666666666,0.0,82.67166666666667,,15.0,,0.0,0.0
300,300,2023-12-30 12:00:00,1.0,1.0,,1.0,1.0,,6.633333333333334,7.616666666666666,7.616666666666666,7.616666666666666,7.616666666666666,0.0,83.02,,15.0,,0.0,0.0
301,301,2023-12-30 13:00:00,1.0,1.0,,1.0,1.0,,5.5,6.333333333333333,6.333333333333333,6.333333333333333,6.333333333333333,0.0,82.78999999999999,,15.0,,0.0,0.0666666666666666
302,302,2023-12-30 14:00:00,0.9833333333333332,0.9833333333333332,,0.9833333333333332,0.9833333333333332,,5.333333333333333,6.15,6.15,6.15,6.15,0.0,82.80833333333334,,15.316666666666666,,0.0,0.0
303,303,2023-12-30 15:00:00,0.9833333333333332,1.0,,1.0,1.0,,4.7,5.35,5.366666666666666,5.366666666666666,5.366666666666666,0.0,83.13333333333334,,15.666666666666666,,0.0,0.0
304,304,2023-12-30 16:00:00,0.7,0.8166666666666667,,0.8166666666666667,0.8166666666666667,,3.983333333333333,4.6,4.6,4.6,4.6,0.0,83.17166666666667,,16.0,,0.0,0.0
305,305,2023-12-30 17:00:00,0.3166666666666666,0.4833333333333333,,0.4833333333333333,0.4833333333333333,,3.45,4.033333333333333,4.033333333333333,4.033333333333333,4.033333333333333,0.0,83.175,,16.0,,0.0,0.0
306,306,2023-12-30 18:00:00,0.9,0.95,,0.9666666666666668,1.0333333333333334,,5.716666666666667,6.716666666666667,6.766666666666667,6.766666666666667,6.766666666666667,0.0,83.23833333333333,,16.0,,0.0,0.0
307,307,2023-12-30 19:00:00,0.6,0.7333333333333333,,0.75,0.75,,3.866666666666666,4.416666666666667,4.433333333333334,4.433333333333334,4.433333333333334,0.0,83.46000000000001,,16.0,,0.0,0.0
308,308,2023-12-30 20:00:00,0.3333333333333333,0.5166666666666667,,0.5333333333333333,0.5333333333333333,,3.5166666666666666,3.983333333333333,3.983333333333333,3.983333333333333,3.983333333333333,0.0,83.60666666666665,,16.0,,0.0,0.0
309,309,2023-12-30 21:00:00,0.55,0.75,,0.75,0.75,,3.816666666666667,4.416666666666667,4.416666666666667,4.416666666666667,4.416666666666667,0.0,83.485,,16.0,,0.0,0.0
310,310,2023-12-30 22:00:00,0.9333333333333332,0.95,,0.95,0.95,,4.616666666666666,5.333333333333333,5.333333333333333,5.333333333333333,5.333333333333333,0.0,83.53999999999999,,16.0,,0.0,0.0
311,311,2023-12-30 23:00:00,1.0,1.0,,1.0,1.0,,5.866666666666666,6.733333333333333,6.766666666666667,6.766666666666667,6.766666666666667,0.0,83.14333333333335,,16.0,,0.0,0.0
312,312,2023-12-31 00:00:00,1.0166666666666666,1.0333333333333334,,1.0333333333333334,1.0333333333333334,,7.45,8.616666666666667,8.633333333333333,8.633333333333333,8.633333333333333,0.0,83.53999999999999,,16.0,,0.0,0.0
313,313,2023-12-31 01:00:00,1.0833333333333333,1.1833333333333331,,1.1833333333333331,1.1833333333333331,,9.4,10.916666666666666,10.933333333333334,10.933333333333334,10.933333333333334,0.0,83.35833333333333,,16.0,,0.0,0.0
314,314,2023-12-31 02:00:00,1.0666666666666669,1.25,,1.25,1.25,,9.7,11.033333333333331,11.066666666666666,11.066666666666666,11.066666666666666,0.0,83.42833333333333,,15.916666666666666,,0.0,0.0
315,315,2023-12-31 03:00:00,1.0,1.0166666666666666,,1.0166666666666666,1.0166666666666666,,8.75,10.116666666666667,10.166666666666666,10.166666666666666,10.166666666666666,0.0,82.98833333333333,,15.883333333333333,,0.0,0.0
316,316,2023-12-31 04:00:00,1.0,1.0166666666666666,,1.0166666666666666,1.0166666666666666,,8.4,9.6,9.65,9.65,9.65,0.0,83.33833333333334,,15.05,,0.0,0.0
317,317,2023-12-31 05:00:00,1.0,1.0,,1.0,1.0,,8.083333333333334,9.233333333333333,9.233333333333333,9.233333333333333,9.233333333333333,0.0,83.445,,15.0,,0.0,0.0
318,318,2023-12-31 06:00:00,1.0,1.0,,1.0,1.0,,7.916666666666667,9.183333333333334,9.216666666666669,9.216666666666669,9.216666666666669,0.0,83.50166666666668,,15.0,,0.0,0.0
319,319,2023-12-31 07:00:00,1.15,1.2833333333333334,,1.2833333333333334,1.2833333333333334,,9.75,11.233333333333333,11.25,11.266666666666667,11.266666666666667,0.0,86.84333333333333,,14.05,,0.0,0.0
320,320,2023-12-31 08:00:00,1.0166666666666666,1.05,,1.05,1.05,,8.883333333333333,10.166666666666666,10.166666666666666,10.166666666666666,10.166666666666666,0.0,87.39500000000001,,14.0,,0.0,0.0
321,321,2023-12-31 09:00:00,1.0,1.0333333333333334,,1.0333333333333334,1.0333333333333334,,8.916666666666666,10.283333333333331,10.283333333333331,10.3,10.3,0.0,87.4,,14.0,,0.0,0.0
322,322,2023-12-31 10:00:00,1.05,1.2,,1.2,1.2,,9.383333333333333,10.766666666666667,10.8,10.8,10.8,0.0,87.4,,14.0,,0.0,0.0
323,323,2023-12-31 11:00:00,1.2,1.4333333333333331,,1.4333333333333331,1.4333333333333331,,9.966666666666669,11.483333333333333,11.5,11.5,11.5,0.0,87.4,,14.0,,0.0,0.0
324,324,2023-12-31 12:00:00,1.2833333333333334,1.65,,1.65,1.65,,10.383333333333333,11.983333333333333,12.0,12.0,12.0,0.0,87.4,,14.0,,0.0,0.0
325,325,2023-12-31 13:00:00,1.3,1.6333333333333333,,1.6333333333333333,1.6333333333333333,,10.4,11.933333333333334,11.95,11.95,11.95,0.0,87.4,,14.916666666666666,,0.0,0.0
326,326,2023-12-31 14:00:00,1.0166666666666666,1.0333333333333334,,1.0333333333333334,1.0333333333333334,,8.066666666666666,9.25,9.266666666666667,9.266666666666667,9.266666666666667,0.0,87.4,,15.0,,0.0,0.0
327,327,2023-12-31 15:00:00,1.0,1.0,,1.0,1.0,,6.583333333333333,7.55,7.583333333333333,7.583333333333333,7.6,0.0,87.4,,15.0,,0.0,0.0
328,328,2023-12-31 16:00:00,1.0,1.0,,1.0,1.0,,6.2,7.2,7.2,7.2,7.2,0.0,87.4,,15.0,,0.0,0.0
