Timestamp,System Status,Temperature,Relative Humidity,Temperature/Relative Humidity Status,Barometric Pressure,Barometric Pressure Status,PM1,PM2.5,PM4,PM10,PM Status,CO2,CO2 Status,EtOH,tVOC,VOC Status
2023-12-18 00:00:00,0.0666666666666666,25.12833333333333,8.0,0.0,29.270166666666668,0.0,1.05,1.2,1.2166666666666666,1.2166666666666666,0.0,369.0833333333333,0.0,222.01666666666668,0.4175,0.0
2023-12-18 01:00:00,0.0,25.14333333333333,8.0,0.0,29.263,0.0,1.0,1.0166666666666666,1.0166666666666666,1.05,0.0,371.53333333333336,0.0,253.35,0.4763333333333334,0.0
2023-12-18 02:00:00,0.0,25.321666666666665,8.0,0.0,29.258333333333333,0.0,1.7833333333333334,1.9333333333333331,1.9833333333333332,1.9833333333333332,0.0,380.2166666666666,0.0,525.3833333333333,0.9877333333333334,0.0
2023-12-18 03:00:00,0.0,25.565,7.783333333333333,0.0,29.244833333333336,0.0,1.7833333333333334,1.9666666666666663,1.9666666666666663,2.0,0.0,379.9666666666666,0.0,1602.35,3.01235,0.0
2023-12-18 04:00:00,0.0,25.71833333333333,8.0,0.0,29.23,0.0,1.2666666666666666,1.4,1.4166666666666667,1.4166666666666667,0.0,378.3333333333333,0.0,2660.8166666666666,5.0023333333333335,0.0
2023-12-18 05:00:00,0.0,25.8,8.383333333333333,0.0,29.211166666666667,0.0,2.0,2.183333333333333,2.2,2.2333333333333334,0.0,377.28333333333336,0.0,3482.833333333333,6.547766666666666,0.0
2023-12-18 06:00:00,0.2352941176470588,25.86470588235294,9.0,0.0,29.18568627450981,0.0,2.019607843137255,2.215686274509804,2.215686274509804,2.215686274509804,0.0,376.7647058823529,0.0,3796.254901960785,7.136921568627451,0.0
2023-12-18 07:00:00,4.0,25.38235294117647,10.764705882352942,0.0,29.15647058823529,0.0,12.588235294117649,13.352941176470589,13.411764705882351,13.411764705882351,0.0,443.2352941176471,0.0,67.6470588235294,0.1271176470588235,0.0
2023-12-18 08:00:00,4.0,26.025,10.0,0.0,29.14466666666667,0.0,10.066666666666666,10.65,10.65,10.65,0.0,425.31666666666666,0.0,214.2,0.4025666666666667,0.0
2023-12-18 09:00:00,4.0,26.136666666666667,10.133333333333333,0.0,29.1335,0.0,2.6166666666666667,2.8,2.8,2.8,0.0,398.23333333333335,0.0,48.31666666666667,0.0908166666666666,0.0
2023-12-18 10:00:00,4.0,26.2,11.0,0.0,29.120166666666663,0.0,3.083333333333333,3.1666666666666665,3.183333333333333,3.183333333333333,0.0,392.6333333333333,0.0,22.316666666666663,0.0419333333333333,0.0
2023-12-18 11:00:00,4.0,26.2,11.0,0.0,29.099,0.0,4.6,4.816666666666666,4.85,4.866666666666666,0.0,391.05,0.0,26.5,0.0499,0.0
2023-12-18 12:00:00,4.0,26.2,11.0,0.0,29.0825,0.0,5.016666666666667,5.35,5.383333333333334,5.4,0.0,388.15,0.0,9.933333333333334,0.0189166666666666,0.0
2023-12-18 13:00:00,4.0,26.096666666666668,11.0,0.0,29.0565,0.0,3.883333333333333,4.133333333333334,4.133333333333334,4.166666666666667,0.0,389.8833333333333,0.0,16.75,0.0319666666666666,0.0
2023-12-18 14:00:00,4.0,25.846666666666668,11.0,0.0,29.03633333333333,0.0,3.0,3.0166666666666666,3.033333333333333,3.033333333333333,0.0,390.3666666666667,0.0,15.133333333333333,0.0283999999999999,0.0
2023-12-18 15:00:00,4.0,25.73,11.0,0.0,29.019333333333336,0.0,3.0,3.0,3.0,3.0,0.0,387.53333333333336,0.0,6.983333333333333,0.0147833333333333,0.0
2023-12-18 16:00:00,4.0,25.635,11.333333333333334,0.0,29.00183333333333,0.0,2.8,2.9166666666666665,2.9166666666666665,2.9166666666666665,0.0,385.5833333333333,0.0,0.95,0.0032166666666666,0.0
2023-12-18 17:00:00,4.0,25.6,12.0,0.0,28.980666666666664,0.0,2.85,2.9833333333333334,2.9833333333333334,2.9833333333333334,0.0,383.23333333333335,0.0,11.033333333333331,0.0206499999999999,0.0
2023-12-18 18:00:00,4.0,25.55333333333333,12.0,0.0,28.961166666666667,0.0,2.8666666666666667,2.966666666666667,2.966666666666667,2.966666666666667,0.0,377.03333333333336,0.0,12.666666666666666,0.0237833333333333,0.0
2023-12-18 19:00:00,3.733333333333333,25.51333333333333,12.0,0.0,28.936333333333334,0.0,2.6,2.8833333333333333,2.9,2.9,0.0,382.15,0.0,11.85,0.0222333333333333,0.0
2023-12-18 20:00:00,0.0,25.555,12.0,0.0,28.913833333333333,0.0,2.6,2.816666666666667,2.833333333333333,2.8666666666666667,0.0,383.6166666666667,0.0,0.2833333333333333,0.0006166666666666,0.0
2023-12-18 21:00:00,0.0,25.496666666666663,12.033333333333331,0.0,28.8945,0.0,2.15,2.466666666666667,2.4833333333333334,2.5,0.0,376.95,0.0,0.0,0.0,0.0
2023-12-18 22:00:00,0.0,25.415,13.0,0.0,28.86616666666667,0.0,2.0,2.0,2.0,2.0,0.0,379.1166666666667,0.0,0.0,0.0,0.0
2023-12-18 23:00:00,0.0,25.4,13.0,0.0,28.8375,0.0,1.9666666666666663,1.9833333333333332,1.9833333333333332,2.0,0.0,383.1166666666667,0.0,0.3,0.0017666666666666,0.0
2023-12-19 00:00:00,0.0,25.4,13.0,0.0,28.82933333333333,0.0,1.5666666666666669,1.7833333333333334,1.7833333333333334,1.7833333333333334,0.0,388.06666666666666,0.0,6.833333333333333,0.0138333333333333,0.0
2023-12-19 01:00:00,0.0,25.4,13.0,0.0,28.822,0.0,1.4166666666666667,1.65,1.6666666666666667,1.6666666666666667,0.0,391.8666666666667,0.0,11.716666666666669,0.0219166666666666,0.0
2023-12-19 02:00:00,0.0,25.55666666666667,13.15,0.0,28.822666666666667,0.0,3.066666666666667,3.25,3.25,3.2666666666666666,0.0,391.51666666666665,0.0,6.633333333333334,0.01255,0.0
2023-12-19 03:00:00,0.0,25.8,14.0,0.0,28.833666666666662,0.0,3.533333333333333,3.85,3.85,3.85,0.0,389.9333333333333,0.0,0.5166666666666667,0.0011333333333333,0.0
2023-12-19 04:00:00,0.0,25.961666666666662,14.0,0.0,28.84633333333333,0.0,3.3833333333333333,3.8,3.8,3.8,0.0,391.3333333333333,0.0,11.833333333333334,0.0223833333333333,0.0
2023-12-19 05:00:00,0.0,26.023333333333333,14.0,0.0,28.866666666666667,0.0,3.933333333333333,3.983333333333333,3.983333333333333,3.983333333333333,0.0,398.51666666666665,0.0,14.433333333333334,0.0276833333333333,0.0
2023-12-19 06:00:00,0.0,26.1,14.0,0.0,28.885166666666667,0.0,4.25,4.65,4.65,4.65,0.0,391.85,0.0,27.316666666666663,0.0519166666666666,0.0
2023-12-19 07:00:00,0.2,25.598333333333336,13.216666666666669,0.0,28.929,0.0,3.05,3.316666666666667,3.35,3.35,0.0,399.6833333333333,0.0,5.566666666666666,0.0105,0.0
2023-12-19 08:00:00,0.0,25.50333333333333,11.466666666666669,0.0,28.969,0.0,46.48333333333333,49.3,49.38333333333333,49.45,0.0,417.48333333333335,0.0,116.81666666666666,0.2194666666666666,0.0
2023-12-19 09:00:00,0.0,25.436666666666667,10.966666666666669,0.0,29.00616666666667,0.0,4.016666666666667,4.3,4.3,4.3,0.0,403.2166666666666,0.0,16.483333333333334,0.0311833333333333,0.0
2023-12-19 10:00:00,0.0,25.39,10.416666666666666,0.0,29.03083333333333,0.0,1.4333333333333331,1.6333333333333333,1.6333333333333333,1.65,0.0,393.05,0.0,15.933333333333334,0.0298666666666666,0.0
2023-12-19 11:00:00,0.0,25.30166666666667,11.0,0.0,29.05133333333333,0.0,1.5333333333333334,1.75,1.75,1.75,0.0,398.56666666666666,0.0,7.233333333333333,0.0143833333333333,0.0
2023-12-19 12:00:00,0.0,25.3,11.0,0.0,29.0615,0.0,1.1833333333333331,1.3166666666666669,1.3166666666666669,1.3166666666666669,0.0,390.06666666666666,0.0,1.8333333333333333,0.00415,0.0
2023-12-19 13:00:00,0.0,25.271666666666665,11.816666666666666,0.0,29.067,0.0,1.0,1.0,1.0,1.0,0.0,397.73333333333335,0.0,296.6166666666667,0.5577166666666666,0.0
2023-12-19 14:00:00,0.0,25.20833333333333,12.666666666666666,0.0,29.07,0.0,1.0,1.0,1.0,1.0,0.0,405.3333333333333,0.0,436.23333333333335,0.8201666666666667,0.0
2023-12-19 15:00:00,0.0,25.2,13.0,0.0,29.07,0.0,1.0,1.0,1.0,1.0,0.0,393.23333333333335,0.0,441.51666666666665,0.8300333333333333,0.0
2023-12-19 16:00:00,0.0,25.148333333333333,13.0,0.0,29.07,0.0,1.0,1.0,1.0,1.0,0.0,388.23333333333335,0.0,445.9333333333333,0.8383999999999999,0.0
2023-12-19 17:00:00,0.0,25.175,13.0,0.0,29.07,0.0,1.0,1.0,1.0,1.0,0.0,390.8,0.0,447.56666666666666,0.8413999999999999,0.0
2023-12-19 18:00:00,0.0,25.116666666666667,13.0,0.0,29.07,0.0,1.0,1.0,1.0,1.0,0.0,389.6,0.0,449.8833333333333,0.8458,0.0
2023-12-19 19:00:00,0.0,25.1,13.0,0.0,29.07,0.0,1.0,1.0,1.0,1.0,0.0,394.23333333333335,0.0,448.1833333333333,0.8424999999999999,0.0
2023-12-19 20:00:00,0.0,25.02833333333333,13.0,0.0,29.07,0.0,1.0,1.0,1.0,1.0,0.0,388.1833333333333,0.0,445.3,0.8372499999999999,0.0
2023-12-19 21:00:00,3.8666666666666663,24.92833333333333,13.0,0.0,29.06383333333333,0.0,1.0,1.0,1.0,1.0,0.0,387.4166666666667,0.0,439.6666666666667,0.8265666666666666,0.0
2023-12-19 22:00:00,4.0,24.9,13.0,0.0,29.057,0.0,0.9833333333333332,0.9833333333333332,0.9833333333333332,0.9833333333333332,0.0,382.3,0.0,440.5833333333333,0.8282,0.0
2023-12-19 23:00:00,4.0,24.88,13.0,0.0,29.046166666666668,0.0,1.0,1.0,1.0,1.0,0.0,381.6333333333333,0.0,439.9666666666666,0.8271999999999999,0.0
2023-12-20 00:00:00,4.0,24.836666666666662,13.0,0.0,29.04,0.0,1.0,1.0,1.0,1.0,0.0,380.6666666666667,0.0,443.55,0.83395,0.0
2023-12-20 01:00:00,4.0,24.8,13.0,0.0,29.040166666666664,0.0,0.8166666666666667,0.9166666666666666,0.9166666666666666,0.9166666666666666,0.0,386.28333333333336,0.0,444.4333333333333,0.8354833333333332,0.0
2023-12-20 02:00:00,4.0,24.84333333333333,12.266666666666667,0.0,29.051166666666667,0.0,1.0166666666666666,1.0333333333333334,1.0333333333333334,1.0333333333333334,0.0,387.4333333333333,0.0,297.71666666666664,0.5597,0.0
2023-12-20 03:00:00,4.0,24.8,12.0,0.0,29.069,0.0,2.25,2.466666666666667,2.466666666666667,2.4833333333333334,0.0,391.78333333333336,0.0,385.65,0.7249666666666666,0.0
2023-12-20 04:00:00,4.0,24.8,12.0,0.0,29.090666666666667,0.0,1.6,1.6833333333333331,1.6833333333333331,1.6833333333333331,0.0,391.56666666666666,0.0,428.8333333333333,0.8060166666666666,0.0
2023-12-20 05:00:00,4.0,24.828333333333333,12.0,0.0,29.109,0.0,1.0,1.0,1.0,1.0,0.0,397.9666666666666,0.0,832.85,1.56575,0.0
2023-12-20 06:00:00,1.0666666666666669,24.966666666666665,11.3,0.0,29.126,0.0,1.0,1.0,1.0,1.0,0.0,403.9666666666666,0.0,4396.2,8.264999999999999,0.0
2023-12-20 07:00:00,4.0,24.568421052631574,12.0,0.0,29.157894736842103,0.0,11.526315789473683,12.263157894736842,12.36842105263158,12.36842105263158,0.0,455.6842105263158,0.0,5.368421052631579,0.0102105263157894,0.0
2023-12-20 08:00:00,4.0,25.398333333333333,11.133333333333333,0.0,29.1735,0.0,7.45,8.133333333333333,8.15,8.15,0.0,422.9,0.0,2.1,0.0039499999999999,0.0
2023-12-20 09:00:00,4.0,25.668333333333333,10.0,0.0,29.206000000000003,0.0,3.716666666666667,3.8666666666666663,3.8666666666666663,3.9,0.0,403.56666666666666,0.0,0.8333333333333334,0.002,0.0
2023-12-20 10:00:00,4.0,25.7,10.0,0.0,29.2445,0.0,2.65,2.9166666666666665,2.9166666666666665,2.9166666666666665,0.0,403.1833333333333,0.0,1.8333333333333333,0.0048333333333333,0.0
2023-12-20 11:00:00,4.0,25.7,9.333333333333334,0.0,29.271833333333333,0.0,2.0166666666666666,2.15,2.15,2.15,0.0,398.2,0.0,19.466666666666665,0.0367333333333333,0.0
2023-12-20 12:00:00,4.0,25.7,9.0,0.0,29.297666666666665,0.0,1.4,1.5166666666666666,1.5166666666666666,1.5166666666666666,0.0,403.3,0.0,1.3,0.0029333333333333,0.0
2023-12-20 13:00:00,4.0,25.7,10.233333333333333,0.0,29.310166666666664,0.0,1.0,1.0,1.0,1.0,0.0,406.28333333333336,0.0,270.3333333333333,0.5081833333333333,0.0
2023-12-20 14:00:00,4.0,25.7,11.0,0.0,29.3,0.0,1.0,1.0,1.0,1.0,0.0,414.9166666666667,0.0,421.3833333333333,0.7921,0.0
2023-12-20 15:00:00,4.0,25.741666666666667,11.383333333333333,0.0,29.307666666666663,0.0,1.0,1.0,1.0,1.0,0.0,412.31666666666666,0.0,428.6,0.8055666666666668,0.0
2023-12-20 16:00:00,4.0,25.691666666666663,12.0,0.0,29.293666666666663,0.0,1.0,1.0333333333333334,1.0333333333333334,1.0333333333333334,0.0,409.3833333333333,0.0,428.7,0.8059999999999999,0.0
2023-12-20 17:00:00,4.0,25.68166666666667,12.0,0.0,29.288666666666664,0.0,1.0,1.0,1.0,1.0,0.0,412.26666666666665,0.0,442.9333333333333,0.8329166666666666,0.0
2023-12-20 18:00:00,4.0,25.641666666666666,12.0,0.0,29.271833333333333,0.0,1.0,1.0166666666666666,1.0166666666666666,1.0166666666666666,0.0,407.01666666666665,0.0,459.98333333333335,0.8647666666666666,0.0
2023-12-20 19:00:00,4.0,25.610000000000003,12.0,0.0,29.261333333333333,0.0,1.0,1.0,1.0,1.0,0.0,406.6333333333333,0.0,434.3833333333333,0.8166499999999999,0.0
2023-12-20 20:00:00,4.0,25.62,12.0,0.0,29.261000000000003,0.0,1.0,1.0,1.0,1.0,0.0,400.9166666666667,0.0,431.3833333333333,0.8109000000000001,0.0
2023-12-20 21:00:00,4.0,25.611666666666668,12.133333333333333,0.0,29.249333333333333,0.0,1.0,1.0,1.0,1.0,0.0,399.81666666666666,0.0,429.06666666666666,0.8066,0.0
2023-12-20 22:00:00,4.0,25.6,13.0,0.0,29.23333333333333,0.0,1.0,1.0,1.0,1.0,0.0,399.56666666666666,0.0,427.6,0.8038833333333334,0.0
2023-12-20 23:00:00,4.0,25.60666666666667,13.0,0.0,29.2095,0.0,1.0,1.0333333333333334,1.0333333333333334,1.0333333333333334,0.0,401.1666666666667,0.0,426.01666666666665,0.8008833333333334,0.0
2023-12-21 00:00:00,4.0,25.6,13.0,0.0,29.18566666666667,0.0,1.0,1.0,1.0,1.0,0.0,403.28333333333336,0.0,425.85,0.80055,0.0
2023-12-21 01:00:00,4.0,25.6,13.0,0.0,29.167166666666667,0.0,1.0,1.0,1.0,1.0,0.0,403.01666666666665,0.0,428.2166666666666,0.8050333333333334,0.0
2023-12-21 02:00:00,4.0,25.618333333333336,14.35,0.0,29.16166666666667,0.0,0.7833333333333333,0.8166666666666667,0.8166666666666667,0.8166666666666667,0.0,397.01666666666665,0.0,180.45,0.3391666666666666,0.0
2023-12-21 03:00:00,4.0,25.501666666666665,15.566666666666666,0.0,29.16283333333333,0.0,0.0166666666666666,0.0166666666666666,0.0166666666666666,0.0166666666666666,0.0,394.51666666666665,0.0,23.03333333333333,0.0433166666666666,0.0
2023-12-21 04:00:00,4.0,25.5,16.2,0.0,29.1745,0.0,0.0,0.0,0.0,0.0,0.0,395.1666666666667,0.0,145.31666666666666,0.2731833333333334,0.0
2023-12-21 05:00:00,4.0,25.5,17.0,0.0,29.18,0.0,0.0,0.0,0.0,0.0,0.0,395.15,0.0,35.583333333333336,0.0670333333333333,0.0
2023-12-21 06:00:00,4.0,25.425,17.816666666666666,0.0,29.18916666666667,0.0,0.0,0.0,0.0,0.0,0.0,397.2166666666666,0.0,16.366666666666667,0.0312166666666666,0.0
2023-12-21 07:00:00,4.0,25.4,19.0,0.0,29.196,0.0,0.0166666666666666,0.0666666666666666,0.0666666666666666,0.0666666666666666,0.0,393.8666666666667,0.0,10.95,0.0211833333333333,0.0
2023-12-21 08:00:00,4.0,25.376666666666665,19.383333333333333,0.0,29.2085,0.0,0.0333333333333333,0.05,0.0666666666666666,0.0666666666666666,0.0,394.7166666666666,0.0,17.15,0.0323333333333333,0.0
2023-12-21 09:00:00,4.0,25.3,20.0,0.0,29.2265,0.0,0.0,0.0,0.0,0.0,0.0,393.6,0.0,14.883333333333333,0.0280833333333333,0.0
2023-12-21 10:00:00,4.0,25.24833333333333,20.0,0.0,29.255666666666663,0.0,0.0,0.0166666666666666,0.0166666666666666,0.0166666666666666,0.0,387.55,0.0,18.416666666666668,0.0348,0.0
2023-12-21 11:00:00,4.0,25.26,20.0,0.0,29.274833333333333,0.0,0.0333333333333333,0.0833333333333333,0.0833333333333333,0.0833333333333333,0.0,391.85,0.0,28.6,0.05375,0.0
2023-12-21 12:00:00,4.0,25.201666666666664,20.016666666666666,0.0,29.299,0.0,0.3,0.3666666666666666,0.3666666666666666,0.3666666666666666,0.0,391.05,0.0,16.4,0.0311833333333333,0.0
2023-12-21 13:00:00,4.0,25.241666666666667,19.366666666666667,0.0,29.3085,0.0,0.0333333333333333,0.05,0.05,0.05,0.0,395.8333333333333,0.0,343.2333333333333,0.6454666666666667,0.0
2023-12-21 14:00:00,4.0,25.386666666666663,18.7,0.0,29.3115,0.0,0.0,0.0,0.0,0.0,0.0,402.05,0.0,473.8333333333333,0.89075,0.0
2023-12-21 15:00:00,4.0,25.4,18.0,0.0,29.3235,0.0,0.0,0.0166666666666666,0.0166666666666666,0.0166666666666666,0.0,400.56666666666666,0.0,482.9666666666666,0.90805,0.0
2023-12-21 16:00:00,4.0,25.415,18.0,0.0,29.3335,0.0,0.0,0.0,0.0,0.0,0.0,393.8333333333333,0.0,485.28333333333336,0.9123833333333332,0.0
2023-12-21 17:00:00,4.0,25.446666666666665,18.0,0.0,29.348000000000003,0.0,0.0166666666666666,0.0166666666666666,0.0166666666666666,0.0166666666666666,0.0,397.8,0.0,485.48333333333335,0.9127166666666668,0.0
2023-12-21 18:00:00,4.0,25.5,18.0,0.0,29.350166666666667,0.0,0.05,0.0666666666666666,0.0666666666666666,0.0666666666666666,0.0,393.3833333333333,0.0,489.25,0.9198833333333334,0.0
2023-12-21 19:00:00,4.0,25.46,18.0,0.0,29.35983333333333,0.0,0.0,0.0,0.0,0.0,0.0,389.25,0.0,485.8,0.9131,0.0
2023-12-21 20:00:00,4.0,25.421666666666667,18.0,0.0,29.36683333333333,0.0,0.0,0.0,0.0,0.0,0.0,392.0,0.0,482.73333333333335,0.9074,0.0
2023-12-21 21:00:00,4.0,25.415,18.0,0.0,29.378,0.0,0.0,0.0,0.0,0.0,0.0,393.26666666666665,0.0,480.76666666666665,0.9037666666666666,0.0
2023-12-21 22:00:00,4.0,25.4,18.0,0.0,29.381666666666664,0.0,0.0,0.0,0.0,0.0,0.0,392.3666666666667,0.0,478.4166666666667,0.8995166666666667,0.0
2023-12-21 23:00:00,4.0,25.42333333333333,18.0,0.0,29.38383333333333,0.0,0.0,0.0,0.0,0.0,0.0,386.5833333333333,0.0,478.0,0.8986333333333333,0.0
2023-12-22 00:00:00,4.0,25.4,18.0,0.0,29.3805,0.0,0.0166666666666666,0.0166666666666666,0.0166666666666666,0.0166666666666666,0.0,383.5,0.0,476.1333333333333,0.89515,0.0
2023-12-22 01:00:00,4.0,25.401666666666664,18.0,0.0,29.388166666666667,0.0,0.0,0.0,0.0,0.0,0.0,389.2166666666666,0.0,476.1833333333333,0.8952500000000001,0.0
2023-12-22 02:00:00,4.0,25.375,17.116666666666667,0.0,29.389833333333332,0.0,0.0,0.0,0.0,0.0,0.0,384.9333333333333,0.0,231.95,0.4360166666666666,0.0
2023-12-22 03:00:00,4.0,25.21,16.2,0.0,29.3925,0.0,0.0,0.0,0.0,0.0,0.0,382.9666666666666,0.0,25.0,0.0471166666666666,0.0
2023-12-22 04:00:00,4.0,25.2,16.0,0.0,29.4,0.0,0.25,0.2666666666666666,0.2666666666666666,0.2666666666666666,0.0,388.3833333333333,0.0,27.98333333333333,0.0526,0.0
2023-12-22 05:00:00,4.0,25.216666666666665,16.0,0.0,29.39183333333333,0.0,1.5333333333333334,1.6,1.6,1.6,0.0,391.1,0.0,66.96666666666667,0.1261,0.0
2023-12-22 06:00:00,4.0,25.293333333333337,15.883333333333333,0.0,29.3855,0.0,4.5,4.75,4.783333333333333,4.8,0.0,394.1833333333333,0.0,291.4833333333333,0.548,0.0
2023-12-22 07:00:00,4.0,25.045,15.2,0.0,29.3705,0.0,6.175,6.65,6.725,6.775,0.0,414.325,0.0,272.9,0.51305,0.0
2023-12-22 08:00:00,4.0,25.28666666666667,15.0,0.0,29.350166666666667,0.0,7.2,7.55,7.55,7.55,0.0,431.8666666666667,0.0,19.8,0.03735,0.0
2023-12-22 09:00:00,4.0,25.535000000000004,15.0,0.0,29.342,0.0,5.933333333333334,6.233333333333333,6.233333333333333,6.233333333333333,0.0,416.76666666666665,0.0,14.383333333333333,0.0271166666666666,0.0
2023-12-22 10:00:00,4.0,25.44833333333333,15.0,0.0,29.340333333333334,0.0,3.083333333333333,3.25,3.25,3.25,0.0,397.9666666666666,0.0,2.2,0.0043,0.0
2023-12-22 11:00:00,4.0,25.411666666666665,14.25,0.0,29.32783333333333,0.0,1.65,1.7833333333333334,1.7833333333333334,1.7833333333333334,0.0,405.4,0.0,1.0,0.0020666666666666,0.0
2023-12-22 12:00:00,4.0,25.40833333333333,14.0,0.0,29.307,0.0,1.0,1.0,1.0,1.0,0.0,401.0,0.0,5.033333333333333,0.0096,0.0
2023-12-22 13:00:00,4.0,25.4,14.65,0.0,29.2815,0.0,1.0,1.0,1.0,1.0,0.0,412.2,0.0,280.31666666666666,0.527,0.0
2023-12-22 14:00:00,4.0,25.44,15.0,0.0,29.2575,0.0,1.0,1.0,1.0,1.0,0.0,414.9666666666666,0.0,414.95,0.7801500000000001,0.0
2023-12-22 15:00:00,4.0,25.4,15.0,0.0,29.233833333333333,0.0,1.0,1.0166666666666666,1.0166666666666666,1.0166666666666666,0.0,412.06666666666666,0.0,423.6,0.7963833333333333,0.0
2023-12-22 16:00:00,4.0,25.4,15.0,0.0,29.2165,0.0,1.7833333333333334,1.85,1.85,1.85,0.0,417.2166666666666,0.0,423.76666666666665,0.79665,0.0
2023-12-22 17:00:00,4.0,25.4,15.0,0.0,29.193500000000004,0.0,2.0,2.0,2.0,2.0,0.0,412.4,0.0,417.1333333333333,0.7841666666666668,0.0
2023-12-22 18:00:00,4.0,25.4,15.0,0.0,29.178166666666662,0.0,2.0,2.0,2.0,2.0,0.0,405.31666666666666,0.0,404.3,0.7600833333333334,0.0
2023-12-22 19:00:00,4.0,25.4,15.0,0.0,29.165000000000003,0.0,2.0,2.0,2.0,2.0,0.0,408.0833333333333,0.0,374.75,0.7045833333333333,0.0
2023-12-22 20:00:00,4.0,25.4,15.55,0.0,29.1455,0.0,1.8,1.9666666666666663,1.9666666666666663,1.9666666666666663,0.0,402.4666666666666,0.0,365.1333333333333,0.6863833333333333,0.0
2023-12-22 21:00:00,4.0,25.4,16.0,0.0,29.121666666666663,0.0,1.3666666666666667,1.6833333333333331,1.6833333333333331,1.6833333333333331,0.0,412.2166666666666,0.0,348.1666666666667,0.6545166666666666,0.0
2023-12-22 22:00:00,4.0,25.4,16.0,0.0,29.107666666666667,0.0,1.05,1.1,1.1166666666666667,1.1333333333333333,0.0,405.48333333333335,0.0,312.18333333333334,0.587,0.0
2023-12-22 23:00:00,4.0,25.4,16.0,0.0,29.085,0.0,1.0,1.0,1.0,1.0,0.0,403.6166666666667,0.0,244.95,0.4604,0.0
2023-12-23 00:00:00,4.0,25.4,16.0,0.0,29.0515,0.0,1.0,1.0,1.0,1.0,0.0,401.48333333333335,0.0,197.6833333333333,0.3715,0.0
2023-12-23 01:00:00,4.0,25.4,16.0,0.0,29.04,0.0,1.0,1.0166666666666666,1.0166666666666666,1.0166666666666666,0.0,396.15,0.0,167.08333333333334,0.3142,0.0
2023-12-23 02:00:00,4.0,25.4,16.0,0.0,29.03216666666667,0.0,1.0,1.0,1.0,1.0,0.0,396.9166666666667,0.0,138.38333333333333,0.2601666666666666,0.0
2023-12-23 03:00:00,4.0,25.4,15.266666666666667,0.0,29.015,0.0,1.0,1.0,1.0,1.0,0.0,397.78333333333336,0.0,163.16666666666666,0.30675,0.0
2023-12-23 04:00:00,4.0,25.4,15.0,0.0,28.986833333333333,0.0,1.1666666666666667,1.2666666666666666,1.2666666666666666,1.2666666666666666,0.0,398.1833333333333,0.0,237.35,0.4462,0.0
2023-12-23 05:00:00,4.0,25.4,15.2,0.0,28.971833333333333,0.0,2.0,2.033333333333333,2.033333333333333,2.033333333333333,0.0,402.85,0.0,266.6666666666667,0.5012666666666666,0.0
2023-12-23 06:00:00,4.0,25.4,16.0,0.0,28.958166666666667,0.0,1.9333333333333331,1.9833333333333332,1.9833333333333332,1.9833333333333332,0.0,403.8,0.0,214.25,0.4027333333333333,0.0
2023-12-23 07:00:00,4.0,25.4,16.0,0.0,28.93616666666667,0.0,1.9666666666666663,1.9833333333333332,1.9833333333333332,1.9833333333333332,0.0,402.6666666666667,0.0,151.91666666666666,0.2855166666666667,0.0
2023-12-23 08:00:00,4.0,25.456666666666663,16.0,0.0,28.914,0.0,1.5,1.7333333333333334,1.75,1.75,0.0,399.2,0.0,123.78333333333332,0.2328166666666666,0.0
2023-12-23 09:00:00,4.0,25.42,16.0,0.0,28.89466666666667,0.0,1.0,1.0833333333333333,1.0833333333333333,1.0833333333333333,0.0,398.53333333333336,0.0,112.23333333333332,0.2111333333333333,0.0
2023-12-23 10:00:00,4.0,25.436666666666667,16.0,0.0,28.8895,0.0,1.0,1.0,1.0,1.0,0.0,402.4666666666666,0.0,126.66666666666669,0.2382833333333333,0.0
2023-12-23 11:00:00,4.0,25.456666666666663,16.0,0.0,28.890833333333333,0.0,2.1333333333333333,2.2333333333333334,2.2333333333333334,2.2333333333333334,0.0,410.6666666666667,0.0,217.71666666666667,0.4092666666666666,0.0
2023-12-23 12:00:00,4.0,25.48,16.0,0.0,28.880166666666664,0.0,1.1,1.1166666666666667,1.1166666666666667,1.1166666666666667,0.0,415.75,0.0,206.03333333333333,0.3874,0.0
2023-12-23 13:00:00,4.0,25.47,16.0,0.0,28.878833333333333,0.0,1.1166666666666667,1.2333333333333334,1.2333333333333334,1.2333333333333334,0.0,410.05,0.0,127.46666666666668,0.2396666666666666,0.0
2023-12-23 14:00:00,4.0,25.45,15.733333333333333,0.0,28.87033333333333,0.0,2.25,2.4166666666666665,2.433333333333333,2.433333333333333,0.0,409.3333333333333,0.0,105.45,0.1982666666666666,0.0
2023-12-23 15:00:00,4.0,25.44833333333333,15.0,0.0,28.86683333333333,0.0,3.45,3.6,3.6166666666666663,3.6166666666666663,0.0,404.2,0.0,94.08333333333331,0.1769166666666666,0.0
2023-12-23 16:00:00,4.0,25.40333333333333,15.0,0.0,28.861666666666668,0.0,4.0,4.233333333333333,4.266666666666667,4.3,0.0,401.4333333333333,0.0,64.15,0.1206166666666666,0.0
2023-12-23 17:00:00,4.0,25.431666666666665,15.0,0.0,28.850833333333338,0.0,5.383333333333334,5.683333333333334,5.733333333333333,5.75,0.0,402.6333333333333,0.0,53.96666666666667,0.1015333333333333,0.0
2023-12-23 18:00:00,4.0,25.435,14.05,0.0,28.85,0.0,5.533333333333333,5.933333333333334,6.016666666666667,6.033333333333333,0.0,400.95,0.0,40.91666666666666,0.0769666666666666,0.0
2023-12-23 19:00:00,4.0,25.433333333333334,14.0,0.0,28.841666666666665,0.0,5.083333333333333,5.716666666666667,5.8,5.833333333333333,0.0,405.53333333333336,0.0,42.71666666666667,0.0802833333333333,0.0
2023-12-23 20:00:00,4.0,25.4,14.0,0.0,28.841166666666663,0.0,4.95,5.2,5.283333333333333,5.316666666666666,0.0,400.3,0.0,37.36666666666667,0.0702333333333333,0.0
2023-12-23 21:00:00,4.0,25.4,14.0,0.0,28.832833333333333,0.0,4.216666666666667,4.633333333333334,4.716666666666667,4.733333333333333,0.0,401.81666666666666,0.0,33.06666666666667,0.0622833333333333,0.0
2023-12-23 22:00:00,4.0,25.4,14.0,0.0,28.826166666666666,0.0,3.3666666666666667,3.633333333333333,3.7,3.733333333333333,0.0,396.1166666666667,0.0,28.3,0.0530833333333333,0.0
2023-12-23 23:00:00,4.0,25.4,14.0,0.0,28.82016666666667,0.0,2.683333333333333,2.8833333333333333,2.8833333333333333,2.8833333333333333,0.0,397.45,0.0,21.55,0.0404333333333333,0.0
2023-12-24 00:00:00,4.0,25.4,14.0,0.0,28.826166666666666,0.0,2.05,2.316666666666667,2.35,2.3666666666666667,0.0,396.28333333333336,0.0,11.0,0.0206666666666666,0.0
2023-12-24 01:00:00,4.0,25.396666666666665,14.0,0.0,28.83,0.0,2.0,2.066666666666667,2.083333333333333,2.083333333333333,0.0,389.75,0.0,11.0,0.0207,0.0
2023-12-24 02:00:00,4.0,25.35833333333333,14.0,0.0,28.827,0.0,2.05,2.216666666666667,2.2666666666666666,2.283333333333333,0.0,384.6166666666667,0.0,6.566666666666666,0.0129833333333333,0.0
2023-12-24 03:00:00,4.0,25.346666666666668,14.0,0.0,28.8355,0.0,2.033333333333333,2.316666666666667,2.3833333333333333,2.4,0.0,390.31666666666666,0.0,7.25,0.0148833333333333,0.0
2023-12-24 04:00:00,4.0,25.3,14.0,0.0,28.8375,0.0,2.583333333333333,2.8666666666666667,2.9,2.95,0.0,391.98333333333335,0.0,5.8,0.0130333333333333,0.0
2023-12-24 05:00:00,4.0,25.3,14.0,0.0,28.84,0.0,3.8333333333333335,3.966666666666667,4.016666666666667,4.05,0.0,394.81666666666666,0.0,3.3833333333333333,0.0079166666666666,0.0
2023-12-24 06:00:00,4.0,25.345,14.0,0.0,28.84,0.0,3.9166666666666665,4.033333333333333,4.033333333333333,4.033333333333333,0.0,394.5,0.0,0.0,0.0,0.0
2023-12-24 07:00:00,4.0,25.30333333333333,14.0,0.0,28.8325,0.0,4.083333333333333,4.483333333333333,4.516666666666667,4.516666666666667,0.0,397.03333333333336,0.0,0.0,0.0,0.0
2023-12-24 08:00:00,4.0,25.3,14.0,0.0,28.830666666666666,0.0,4.083333333333333,4.383333333333334,4.45,4.45,0.0,397.26666666666665,0.0,0.0,0.0,0.0
2023-12-24 09:00:00,4.0,25.36,14.233333333333333,0.0,28.83533333333333,0.0,4.5,4.766666666666667,4.816666666666666,4.833333333333333,0.0,392.0,0.0,7.316666666666666,0.0139666666666666,0.0
2023-12-24 10:00:00,4.0,25.391666666666666,15.0,0.0,28.84716666666667,0.0,5.583333333333333,5.966666666666667,6.066666666666666,6.066666666666666,0.0,396.75,0.0,18.683333333333334,0.0352166666666666,0.0
2023-12-24 11:00:00,4.0,25.383333333333333,15.0,0.0,28.84633333333333,0.0,5.866666666666666,6.233333333333333,6.25,6.316666666666666,0.0,394.6166666666667,0.0,20.9,0.0393,0.0
2023-12-24 12:00:00,4.0,25.351666666666667,15.0,0.0,28.839166666666664,0.0,4.833333333333333,5.183333333333334,5.216666666666667,5.233333333333333,0.0,399.1333333333333,0.0,17.066666666666666,0.0322,0.0
2023-12-24 13:00:00,4.0,25.341666666666665,15.0,0.0,28.8315,0.0,4.0,4.233333333333333,4.283333333333333,4.3,0.0,397.1,0.0,19.0,0.0356833333333333,0.0
2023-12-24 14:00:00,4.0,25.385,15.0,0.0,28.839166666666664,0.0,3.566666666666667,3.95,3.95,3.95,0.0,398.98333333333335,0.0,3.1,0.0071666666666666,0.0
2023-12-24 15:00:00,4.0,25.4,15.0,0.0,28.8385,0.0,3.683333333333333,3.9,3.9,3.9,0.0,393.6666666666667,0.0,0.0,0.0,0.0
2023-12-24 16:00:00,4.0,25.4,15.0,0.0,28.832166666666662,0.0,3.15,3.3833333333333333,3.3833333333333333,3.4,0.0,394.6166666666667,0.0,0.0,0.0,0.0
2023-12-24 17:00:00,4.0,25.4,15.0,0.0,28.828666666666667,0.0,2.9,3.0166666666666666,3.0166666666666666,3.0166666666666666,0.0,395.73333333333335,0.0,0.0,0.0,0.0
2023-12-24 18:00:00,4.0,25.4,15.0,0.0,28.82,0.0,2.6333333333333333,2.7666666666666666,2.7666666666666666,2.7666666666666666,0.0,391.0833333333333,0.0,0.0,0.0,0.0
2023-12-24 19:00:00,4.0,25.363333333333333,15.0,0.0,28.811,0.0,2.333333333333333,2.6,2.6,2.6,0.0,393.56666666666666,0.0,0.0,0.0,0.0
2023-12-24 20:00:00,4.0,25.395,15.0,0.0,28.804166666666667,0.0,2.6666666666666665,2.9,2.9,2.9,0.0,394.0,0.0,0.0,0.0,0.0
2023-12-24 21:00:00,4.0,25.4,15.0,0.0,28.795166666666667,0.0,2.716666666666667,2.8833333333333333,2.8833333333333333,2.9,0.0,397.3833333333333,0.0,0.0333333333333333,0.0002,0.0
2023-12-24 22:00:00,4.0,25.365,15.416666666666666,0.0,28.789166666666667,0.0,2.966666666666667,3.0,3.0,3.0,0.0,398.51666666666665,0.0,0.0,0.0,0.0
2023-12-24 23:00:00,4.0,25.363333333333333,16.0,0.0,28.795166666666667,0.0,2.75,2.966666666666667,2.966666666666667,2.966666666666667,0.0,390.1166666666667,0.0,0.0,0.0,0.0
2023-12-25 00:00:00,4.0,25.321666666666665,16.0,0.0,28.80366666666667,0.0,2.85,2.95,2.95,2.95,0.0,395.45,0.0,0.0,0.0,0.0
2023-12-25 01:00:00,4.0,25.32,16.766666666666666,0.0,28.80033333333333,0.0,2.9,3.0,3.0,3.0,0.0,391.31666666666666,0.0,0.4833333333333333,0.00095,0.0
2023-12-25 02:00:00,4.0,25.205,18.33333333333333,0.0,28.829,0.0,5.7,6.183333333333334,6.516666666666667,6.583333333333333,0.0,393.9166666666667,0.0,5.55,0.0109166666666666,0.0
2023-12-25 03:00:00,4.0,25.01833333333333,19.0,0.0,28.842666666666663,0.0,5.1,5.95,6.2,6.383333333333334,0.0,395.53333333333336,0.0,86.58333333333333,0.1628666666666666,0.0
2023-12-25 04:00:00,4.0,25.016666666666666,19.0,0.0,28.847500000000004,0.0,5.533333333333333,6.283333333333333,6.8,6.933333333333334,0.0,396.7166666666666,0.0,310.93333333333334,0.5845666666666667,0.0
2023-12-25 05:00:00,4.0,25.1,19.0,0.0,28.870166666666663,0.0,5.916666666666667,6.766666666666667,7.266666666666667,7.45,0.0,391.78333333333336,0.0,438.9333333333333,0.8252,0.0
2023-12-25 06:00:00,4.0,25.1,19.0,0.0,28.860833333333336,0.0,5.7,6.55,7.05,7.316666666666666,0.0,398.75,0.0,283.4,0.5327166666666667,0.0
2023-12-25 07:00:00,4.0,25.1,19.0,0.0,28.847166666666663,0.0,6.016666666666667,6.883333333333334,7.316666666666666,7.6,0.0,398.4666666666666,0.0,297.5833333333333,0.55955,0.0
2023-12-25 08:00:00,4.0,25.1,19.0,0.0,28.841,0.0,8.633333333333333,9.7,10.233333333333333,10.466666666666669,0.0,398.6833333333333,0.0,418.7,0.7870833333333334,0.0
2023-12-25 09:00:00,4.0,25.1,19.0,0.0,28.83983333333333,0.0,8.55,9.716666666666669,10.533333333333331,10.75,0.0,399.53333333333336,0.0,456.0,0.8572500000000001,0.0
2023-12-25 10:00:00,4.0,25.1,19.0,0.0,28.818666666666665,0.0,8.116666666666667,10.066666666666666,11.366666666666667,11.866666666666667,0.0,399.25,0.0,477.4333333333333,0.8976000000000001,0.0
2023-12-25 11:00:00,4.0,25.1,19.0,0.0,28.78966666666667,0.0,6.933333333333334,8.8,10.0,10.683333333333334,0.0,403.28333333333336,0.0,472.1,0.8876000000000001,0.0
2023-12-25 12:00:00,4.0,25.05666666666667,19.0,0.0,28.756666666666668,0.0,6.15,7.416666666666667,8.183333333333334,8.6,0.0,396.1833333333333,0.0,435.1333333333333,0.8179666666666666,0.0
2023-12-25 13:00:00,4.0,25.1,19.0,0.0,28.731166666666663,0.0,3.5,4.083333333333333,4.333333333333333,4.516666666666667,0.0,401.7166666666666,0.0,472.9666666666666,0.8892333333333333,0.0
2023-12-25 14:00:00,4.0,25.1,19.0,0.0,28.694333333333336,0.0,2.533333333333333,3.0,3.083333333333333,3.283333333333333,0.0,412.7166666666666,0.0,507.8666666666667,0.9547166666666664,0.0
2023-12-25 15:00:00,4.0,25.14333333333333,19.0,0.0,28.65983333333333,0.0,2.9166666666666665,3.066666666666667,3.2,3.3666666666666667,0.0,413.06666666666666,0.0,506.8666666666667,0.9529,0.0
2023-12-25 16:00:00,4.0,25.2,19.0,0.0,28.61583333333333,0.0,3.0,3.15,3.466666666666667,3.6,0.0,408.6,0.0,501.95,0.9437666666666666,0.0
2023-12-25 17:00:00,4.0,25.251666666666665,19.0,0.0,28.575333333333333,0.0,3.0166666666666666,3.283333333333333,3.5,3.65,0.0,407.76666666666665,0.0,494.05,0.92885,0.0
2023-12-25 18:00:00,4.0,25.24333333333333,19.0,0.0,28.5285,0.0,2.933333333333333,3.05,3.2333333333333334,3.283333333333333,0.0,404.01666666666665,0.0,488.35,0.91805,0.0
2023-12-25 19:00:00,4.0,25.2,19.0,0.0,28.499,0.0,2.1,2.533333333333333,2.716666666666667,2.8,0.0,414.53333333333336,0.0,479.3666666666667,0.9012166666666668,0.0
2023-12-25 20:00:00,4.0,25.2,19.0,0.0,28.47383333333333,0.0,2.0,2.033333333333333,2.033333333333333,2.05,0.0,429.1333333333333,0.0,475.56666666666666,0.8941666666666667,0.0
2023-12-25 21:00:00,4.0,25.2,19.0,0.0,28.461333333333336,0.0,2.0,2.0166666666666666,2.0166666666666666,2.0166666666666666,0.0,426.5833333333333,0.0,473.53333333333336,0.8902833333333333,0.0
2023-12-25 22:00:00,4.0,25.2,19.066666666666663,0.0,28.4635,0.0,2.0,2.0,2.0,2.0,0.0,423.28333333333336,0.0,471.0,0.8854000000000001,0.0
2023-12-25 23:00:00,4.0,25.2,20.0,0.0,28.47983333333333,0.0,2.0,2.0,2.0,2.0,0.0,428.6166666666667,0.0,467.28333333333336,0.8785000000000001,0.0
2023-12-26 00:00:00,4.0,25.2,20.0,0.0,28.524833333333333,0.0,1.9333333333333331,1.9666666666666663,1.9666666666666663,1.9666666666666663,0.0,428.8833333333333,0.0,461.9666666666666,0.8685166666666666,0.0
2023-12-26 01:00:00,4.0,25.2,20.0,0.0,28.568,0.0,1.1666666666666667,1.3333333333333333,1.3333333333333333,1.35,0.0,419.4166666666667,0.0,456.23333333333335,0.8577333333333333,0.0
2023-12-26 02:00:00,4.0,25.17,18.416666666666668,0.0,28.610833333333336,0.0,1.3166666666666669,1.85,2.183333333333333,2.3833333333333333,0.0,418.6,0.0,134.83333333333334,0.2540833333333333,0.0
2023-12-26 03:00:00,4.0,25.0,16.683333333333334,0.0,28.65383333333333,0.0,1.0,1.0,1.0,1.0,0.0,416.56666666666666,0.0,23.133333333333333,0.0434666666666666,0.0
2023-12-26 04:00:00,4.0,25.0,15.083333333333334,0.0,28.69083333333333,0.0,1.0,1.05,1.05,1.05,0.0,418.55,0.0,20.53333333333333,0.0388333333333333,0.0
2023-12-26 05:00:00,4.0,25.0,14.616666666666667,0.0,28.726166666666664,0.0,1.3166666666666669,1.5,1.5,1.5,0.0,417.81666666666666,0.0,16.783333333333335,0.0316333333333333,0.0
2023-12-26 06:00:00,4.0,25.085,14.0,0.0,28.75766666666667,0.0,2.75,2.816666666666667,2.816666666666667,2.816666666666667,0.0,424.95,0.0,127.81666666666666,0.2402333333333333,0.0
2023-12-26 07:00:00,4.0,25.296666666666667,14.966666666666669,0.0,28.78533333333333,0.0,4.883333333333334,5.15,5.166666666666667,5.166666666666667,0.0,437.51666666666665,0.0,548.1333333333333,1.0304,0.0
2023-12-26 08:00:00,4.0,25.28,14.05,0.0,28.8015,0.0,2.0166666666666666,2.05,2.05,2.05,0.0,420.4333333333333,0.0,331.31666666666666,0.6229333333333333,0.0
2023-12-26 09:00:00,4.0,25.2,14.366666666666667,0.0,28.809833333333334,0.0,2.183333333333333,2.466666666666667,2.466666666666667,2.466666666666667,0.0,420.31666666666666,0.0,156.28333333333333,0.2937,0.0
2023-12-26 10:00:00,4.0,25.2,15.066666666666666,0.0,28.8225,0.0,2.0166666666666666,2.1,2.1,2.1,0.0,423.7166666666666,0.0,245.7,0.4618833333333333,0.0
2023-12-26 11:00:00,4.0,25.148333333333333,15.966666666666669,0.0,28.84933333333333,0.0,1.6666666666666667,1.8166666666666669,1.8166666666666669,1.8166666666666669,0.0,428.55,0.0,430.4666666666666,0.8092666666666666,0.0
2023-12-26 12:00:00,4.0,25.1,15.0,0.0,28.869333333333334,0.0,1.3333333333333333,1.5333333333333334,1.5333333333333334,1.5333333333333334,0.0,429.1166666666667,0.0,416.5,0.7831333333333333,0.0
2023-12-26 13:00:00,4.0,25.25166666666667,15.45,0.0,28.88233333333333,0.0,1.1,1.15,1.15,1.15,0.0,430.8333333333333,0.0,552.0333333333333,1.0379,0.0
2023-12-26 14:00:00,4.0,25.28833333333333,16.0,0.0,28.89016666666667,0.0,1.0333333333333334,1.1666666666666667,1.1666666666666667,1.1666666666666667,0.0,425.3666666666667,0.0,606.4666666666667,1.1401,0.0
2023-12-26 15:00:00,4.0,25.24833333333333,16.0,0.0,28.89,0.0,1.15,1.3833333333333333,1.3833333333333333,1.3833333333333333,0.0,428.4666666666666,0.0,604.3333333333334,1.1361666666666668,0.0
2023-12-26 16:00:00,4.0,25.2,16.0,0.0,28.889666666666667,0.0,1.0,1.0166666666666666,1.0166666666666666,1.0166666666666666,0.0,425.4333333333333,0.0,600.45,1.1288166666666666,0.0
2023-12-26 17:00:00,4.0,25.2,16.0,0.0,28.888166666666667,0.0,1.0,1.0,1.0,1.0,0.0,424.78333333333336,0.0,592.6333333333333,1.1141166666666669,0.0
2023-12-26 18:00:00,4.0,25.15,16.0,0.0,28.8835,0.0,1.05,1.0833333333333333,1.0833333333333333,1.0833333333333333,0.0,420.8833333333333,0.0,585.35,1.1005166666666668,0.0
2023-12-26 19:00:00,4.0,25.166666666666668,16.0,0.0,28.87,0.0,1.0,1.0,1.0,1.0,0.0,416.9166666666667,0.0,580.55,1.0915,0.0
2023-12-26 20:00:00,4.0,25.15833333333333,16.0,0.0,28.85033333333333,0.0,1.0,1.0,1.0,1.0,0.0,411.55,0.0,574.0666666666667,1.0792499999999998,0.0
2023-12-26 21:00:00,3.8,25.131666666666668,16.0,0.0,28.84,0.0,1.0,1.0333333333333334,1.0333333333333334,1.0333333333333334,0.0,414.4666666666666,0.0,567.5166666666667,1.0669666666666666,0.0
2023-12-26 22:00:00,0.0,25.1,16.0,0.0,28.8245,0.0,1.0833333333333333,1.3333333333333333,1.3333333333333333,1.3333333333333333,0.0,415.6166666666667,0.0,555.9,1.0451,0.0
2023-12-26 23:00:00,0.0,24.938333333333333,16.0,0.0,28.801166666666667,0.0,1.1,1.2833333333333334,1.2833333333333334,1.2833333333333334,0.0,414.9333333333333,0.0,547.6166666666667,1.0295833333333333,0.0
2023-12-27 00:00:00,0.0,24.88,16.0,0.0,28.753666666666668,0.0,1.4166666666666667,1.4833333333333334,1.4833333333333334,1.4833333333333334,0.0,410.55,0.0,544.2166666666667,1.0231333333333332,0.0
2023-12-27 01:00:00,0.0,24.9,16.0,0.0,28.713666666666665,0.0,1.35,1.6333333333333333,1.6333333333333333,1.6333333333333333,0.0,415.6666666666667,0.0,550.1833333333333,1.0342333333333331,0.0
2023-12-27 02:00:00,3.1333333333333333,24.621666666666663,16.783333333333335,0.0,28.6775,0.0,1.0333333333333334,1.1166666666666667,1.1166666666666667,1.1166666666666667,0.0,418.0833333333333,0.0,277.7,0.5220666666666667,0.0
2023-12-27 03:00:00,4.0,24.58833333333333,17.0,0.0,28.65083333333333,0.0,1.0,1.0,1.0,1.0,0.0,418.6,0.0,132.03333333333333,0.2481833333333333,0.0
2023-12-27 04:00:00,4.0,24.66333333333333,17.7,0.0,28.63533333333333,0.0,1.1166666666666667,1.2333333333333334,1.2333333333333334,1.2333333333333334,0.0,418.45,0.0,203.75,0.38305,0.0
2023-12-27 05:00:00,4.0,24.701666666666664,18.48333333333333,0.0,28.617,0.0,1.25,1.2833333333333334,1.2833333333333334,1.2833333333333334,0.0,415.81666666666666,0.0,268.9166666666667,0.5056833333333334,0.0
2023-12-27 06:00:00,4.0,24.745,19.35,0.0,28.5985,0.0,1.75,1.75,1.75,1.75,0.0,423.6333333333333,0.0,299.1,0.5623333333333334,0.0
2023-12-27 07:00:00,4.0,24.8,20.0,0.0,28.579,0.0,0.9666666666666668,0.9833333333333332,0.9833333333333332,0.9833333333333332,0.0,422.1,0.0,266.6166666666667,0.5012666666666666,0.0
2023-12-27 08:00:00,4.0,24.80192307692308,20.0,0.0,28.570576923076924,0.0,1.0,1.0,1.0,1.0,0.0,425.5384615384616,0.0,368.0192307692308,0.6919038461538461,0.0
2023-12-27 09:00:00,4.0,24.7,20.775510204081638,0.0,28.57734693877551,0.0,2.7755102040816326,3.0816326530612246,3.0816326530612246,3.0816326530612246,0.0,460.0408163265306,0.0,13.73469387755102,0.0260816326530612,0.0
2023-12-27 10:00:00,4.0,24.976666666666667,20.0,0.0,28.59883333333333,0.0,2.8833333333333333,3.1166666666666667,3.1166666666666667,3.1333333333333333,0.0,441.03333333333336,0.0,43.35,0.0818166666666666,0.0
2023-12-27 11:00:00,4.0,24.9,19.633333333333333,0.0,28.6165,0.0,0.3666666666666666,0.4666666666666667,0.4666666666666667,0.4666666666666667,0.0,436.8666666666667,0.0,25.28333333333333,0.0478666666666666,0.0
2023-12-27 12:00:00,4.0,24.9,19.0,0.0,28.633166666666668,0.0,0.0,0.0,0.0,0.0,0.0,435.03333333333336,0.0,16.666666666666668,0.0316333333333333,0.0
2023-12-27 13:00:00,4.0,25.023333333333333,19.0,0.0,28.64933333333333,0.0,0.1166666666666666,0.1166666666666666,0.1166666666666666,0.1166666666666666,0.0,440.23333333333335,0.0,372.15,0.6995333333333333,0.0
2023-12-27 14:00:00,4.0,25.1,19.0,0.0,28.66183333333333,0.0,0.8333333333333334,0.8833333333333333,0.8833333333333333,0.8833333333333333,0.0,443.35,0.0,477.01666666666665,0.8965666666666667,0.0
2023-12-27 15:00:00,4.0,25.03666666666667,19.0,0.0,28.68166666666667,0.0,0.2333333333333333,0.3833333333333333,0.3833333333333333,0.3833333333333333,0.0,443.06666666666666,0.0,475.9666666666666,0.8947333333333333,0.0
2023-12-27 16:00:00,4.0,25.091666666666665,19.0,0.0,28.69783333333333,0.0,0.0,0.0166666666666666,0.0166666666666666,0.0166666666666666,0.0,438.5,0.0,473.4166666666667,0.89015,0.0
2023-12-27 17:00:00,4.0,25.0,19.0,0.0,28.715666666666667,0.0,0.0,0.0333333333333333,0.0333333333333333,0.0333333333333333,0.0,434.7166666666666,0.0,470.95,0.8854666666666666,0.0
2023-12-27 18:00:00,4.0,25.078333333333333,19.0,0.0,28.73983333333333,0.0,0.0,0.0166666666666666,0.0166666666666666,0.0166666666666666,0.0,433.5833333333333,0.0,471.56666666666666,0.8865166666666667,0.0
2023-12-27 19:00:00,4.0,25.07333333333333,19.0,0.0,28.764166666666668,0.0,0.0,0.0,0.0,0.0,0.0,433.6,0.0,465.35,0.87495,0.0
2023-12-27 20:00:00,4.0,25.1,19.0,0.0,28.7825,0.0,0.7666666666666667,0.8,0.8,0.8,0.0,431.7,0.0,461.55,0.8676833333333334,0.0
2023-12-27 21:00:00,4.0,25.076666666666668,18.133333333333333,0.0,28.812666666666665,0.0,0.35,0.5,0.5,0.5,0.0,427.65,0.0,452.1833333333333,0.8501,0.0
2023-12-27 22:00:00,4.0,25.1,18.0,0.0,28.835,0.0,0.6166666666666667,0.8,0.8,0.8,0.0,428.75,0.0,450.73333333333335,0.8474833333333333,0.0
2023-12-27 23:00:00,4.0,25.045,18.0,0.0,28.852,0.0,0.2666666666666666,0.45,0.45,0.45,0.0,425.73333333333335,0.0,444.15,0.8349333333333333,0.0
2023-12-28 00:00:00,4.0,25.1,18.0,0.0,28.879166666666663,0.0,0.05,0.0833333333333333,0.0833333333333333,0.0833333333333333,0.0,424.5833333333333,0.0,440.05,0.8273166666666666,0.0
2023-12-28 01:00:00,4.0,25.021666666666665,18.0,0.0,28.886000000000003,0.0,0.0,0.0,0.0,0.0,0.0,422.76666666666665,0.0,437.2,0.8221333333333333,0.0
2023-12-28 02:00:00,4.0,24.813333333333333,18.133333333333333,0.0,28.890833333333333,0.0,0.0,0.0166666666666666,0.0166666666666666,0.0166666666666666,0.0,424.9666666666666,0.0,88.1,0.1662333333333333,0.0
2023-12-28 03:00:00,4.0,24.7,18.0,0.0,28.89966666666667,0.0,0.0,0.0,0.0,0.0,0.0,426.2,0.0,180.21666666666667,0.3389166666666667,0.0
2023-12-28 04:00:00,4.0,24.703333333333333,18.0,0.0,28.9065,0.0,0.3,0.3333333333333333,0.3333333333333333,0.3333333333333333,0.0,430.6,0.0,132.0,0.2480833333333333,0.0
2023-12-28 05:00:00,4.0,24.8,18.0,0.0,28.905666666666665,0.0,1.0,1.0,1.0,1.0,0.0,430.1666666666667,0.0,100.91666666666669,0.1897333333333333,0.0
2023-12-28 06:00:00,4.0,24.8,18.1,0.0,28.893166666666666,0.0,1.0166666666666666,1.1,1.1,1.1,0.0,427.06666666666666,0.0,185.1833333333333,0.3481333333333333,0.0
2023-12-28 07:00:00,4.0,24.80333333333333,19.0,0.0,28.872166666666665,0.0,1.0,1.0,1.0,1.0,0.0,433.6166666666667,0.0,319.1166666666667,0.5999,0.0
2023-12-28 08:00:00,4.0,24.855,19.53333333333333,0.0,28.85983333333333,0.0,0.9833333333333332,1.0,1.0,1.0,0.0,432.95,0.0,364.7166666666666,0.6857333333333333,0.0
2023-12-28 09:00:00,4.0,24.85333333333333,20.0,0.0,28.843,0.0,0.8333333333333334,0.9,0.9,0.9,0.0,425.2,0.0,328.43333333333334,0.6173833333333333,0.0
2023-12-28 10:00:00,4.0,24.8,20.0,0.0,28.8225,0.0,0.6666666666666666,0.8166666666666667,0.8166666666666667,0.8166666666666667,0.0,426.73333333333335,0.0,332.78333333333336,0.62565,0.0
2023-12-28 11:00:00,4.0,24.766,20.58,0.0,28.8076,0.0,5.36,5.64,5.68,5.68,0.0,447.34,0.0,371.64,0.69866,0.0
2023-12-28 12:00:00,4.0,24.88,20.0,0.0,28.779333333333334,0.0,1.9333333333333331,1.9833333333333332,1.9833333333333332,1.9833333333333332,0.0,425.45,0.0,21.85,0.0418166666666666,0.0
2023-12-28 13:00:00,4.0,24.94333333333333,20.0,0.0,28.750833333333333,0.0,1.2333333333333334,1.2666666666666666,1.2666666666666666,1.2666666666666666,0.0,428.2,0.0,343.28333333333336,0.6455333333333333,0.0
2023-12-28 14:00:00,4.0,25.0,20.0,0.0,28.72783333333333,0.0,1.2166666666666666,1.4333333333333331,1.45,1.4666666666666666,0.0,429.2166666666666,0.0,410.48333333333335,0.7715,0.0
2023-12-28 15:00:00,4.0,24.92833333333333,20.366666666666667,0.0,28.697333333333333,0.0,1.3333333333333333,1.55,1.55,1.55,0.0,435.81666666666666,0.0,377.4666666666666,0.7097833333333333,0.0
2023-12-28 16:00:00,4.0,24.985,21.0,0.0,28.650666666666663,0.0,1.0833333333333333,1.1666666666666667,1.1666666666666667,1.1666666666666667,0.0,430.7,0.0,387.01666666666665,0.7276166666666666,0.0
2023-12-28 17:00:00,4.0,24.97,21.0,0.0,28.606333333333332,0.0,1.0,1.0,1.0,1.0,0.0,429.5,0.0,363.6166666666667,0.68365,0.0
2023-12-28 18:00:00,4.0,24.95,21.0,0.0,28.561833333333333,0.0,1.0,1.0,1.0,1.0,0.0,421.85,0.0,348.81666666666666,0.6555833333333333,0.0
2023-12-28 19:00:00,4.0,24.935,21.0,0.0,28.51233333333333,0.0,1.0,1.0,1.0,1.0,0.0,425.06666666666666,0.0,328.46666666666664,0.6174499999999999,0.0
2023-12-28 20:00:00,4.0,24.965,21.0,0.0,28.46033333333333,0.0,1.0,1.0,1.0,1.0,0.0,419.73333333333335,0.0,319.8333333333333,0.6012833333333333,0.0
2023-12-28 21:00:00,4.0,24.96,21.0,0.0,28.4085,0.0,0.9833333333333332,1.0,1.0,1.0,0.0,412.56666666666666,0.0,314.65,0.59155,0.0
2023-12-28 22:00:00,4.0,24.99333333333333,21.0,0.0,28.354,0.0,1.0,1.0,1.0,1.0,0.0,413.3,0.0,304.1,0.5716833333333333,0.0
2023-12-28 23:00:00,4.0,24.976666666666667,20.666666666666668,0.0,28.287,0.0,1.0,1.0,1.0,1.0,0.0,415.1333333333333,0.0,323.9,0.6088,0.0
2023-12-29 00:00:00,4.0,25.0,20.0,0.0,28.25,0.0,1.0,1.0,1.0,1.0,0.0,421.15,0.0,331.31666666666666,0.6230333333333333,0.0
2023-12-29 01:00:00,4.0,24.966666666666665,20.466666666666665,0.0,28.2265,0.0,1.0166666666666666,1.05,1.05,1.05,0.0,417.3666666666667,0.0,315.1166666666667,0.5924333333333334,0.0
2023-12-29 02:00:00,4.0,24.78333333333333,21.0,0.0,28.239166666666662,0.0,0.8333333333333334,0.8833333333333333,0.8833333333333333,0.8833333333333333,0.0,415.06666666666666,0.0,77.55,0.1463,0.0
2023-12-29 03:00:00,4.0,24.7,20.1,0.0,28.2765,0.0,0.0333333333333333,0.0666666666666666,0.0666666666666666,0.0666666666666666,0.0,418.6833333333333,0.0,69.63333333333334,0.13095,0.0
2023-12-29 04:00:00,4.0,24.766666666666666,18.916666666666668,0.0,28.3145,0.0,0.0,0.0,0.0,0.0,0.0,413.0,0.0,54.35,0.1021666666666666,0.0
2023-12-29 05:00:00,4.0,24.8,17.716666666666665,0.0,28.31733333333333,0.0,0.0166666666666666,0.0166666666666666,0.0166666666666666,0.0166666666666666,0.0,421.76666666666665,0.0,48.61666666666667,0.0912666666666666,0.0
2023-12-29 06:00:00,4.0,24.82333333333333,17.25,0.0,28.305166666666665,0.0,0.3666666666666666,0.4666666666666667,0.4666666666666667,0.4666666666666667,0.0,430.9166666666667,0.0,51.96666666666667,0.0976166666666666,0.0
2023-12-29 07:00:00,4.0,24.846666666666668,18.03333333333333,0.0,28.30433333333333,0.0,0.6,0.6333333333333333,0.6333333333333333,0.6333333333333333,0.0,434.6333333333333,0.0,163.7,0.3079166666666666,0.0
2023-12-29 08:00:00,4.0,24.9,18.466666666666665,0.0,28.3365,0.0,0.0166666666666666,0.0166666666666666,0.0166666666666666,0.0166666666666666,0.0,431.26666666666665,0.0,267.06666666666666,0.502,0.0
2023-12-29 09:00:00,4.0,24.9,17.283333333333335,0.0,28.378666666666668,0.0,0.2,0.3333333333333333,0.3333333333333333,0.3333333333333333,0.0,432.8833333333333,0.0,297.76666666666665,0.5598833333333333,0.0
2023-12-29 10:00:00,4.0,24.9,16.383333333333333,0.0,28.42366666666667,0.0,0.9166666666666666,0.9666666666666668,0.9666666666666668,0.9666666666666668,0.0,433.06666666666666,0.0,298.95,0.5620999999999999,0.0
2023-12-29 11:00:00,4.0,24.9,15.65,0.0,28.47416666666667,0.0,1.0,1.0,1.0,1.0,0.0,432.03333333333336,0.0,246.4833333333333,0.46335,0.0
2023-12-29 12:00:00,4.0,24.9,15.0,0.0,28.529166666666665,0.0,1.0,1.0,1.0,1.0,0.0,427.85,0.0,138.31666666666666,0.2601833333333333,0.0
2023-12-29 13:00:00,4.0,25.005,15.816666666666666,0.0,28.578666666666667,0.0,1.0,1.0,1.0,1.0,0.0,423.4666666666666,0.0,453.9,0.8532166666666666,0.0
2023-12-29 14:00:00,4.0,25.0,16.0,0.0,28.622666666666664,0.0,1.0,1.0,1.0,1.0,0.0,426.5,0.0,543.8666666666667,1.0225166666666667,0.0
2023-12-29 15:00:00,4.0,25.008333333333333,16.0,0.0,28.657333333333334,0.0,1.0,1.0,1.0,1.0,0.0,424.4666666666666,0.0,545.1,1.02485,0.0
2023-12-29 16:00:00,4.0,24.995,16.0,0.0,28.69816666666667,0.0,1.0833333333333333,1.15,1.15,1.15,0.0,422.6666666666667,0.0,537.7833333333333,1.0110666666666666,0.0
2023-12-29 17:00:00,4.0,24.99333333333333,16.0,0.0,28.727166666666665,0.0,1.0166666666666666,1.0333333333333334,1.0333333333333334,1.0333333333333334,0.0,426.7166666666666,0.0,533.3833333333333,1.0028833333333331,0.0
2023-12-29 18:00:00,4.0,24.918333333333333,15.2,0.0,28.756833333333336,0.0,1.0,1.0,1.0,1.0,0.0,425.9,0.0,524.1833333333333,0.9856166666666668,0.0
2023-12-29 19:00:00,4.0,24.9,15.0,0.0,28.77283333333333,0.0,1.0,1.0,1.0,1.0,0.0,421.3333333333333,0.0,519.8833333333333,0.97735,0.0
2023-12-29 20:00:00,4.0,24.9,15.0,0.0,28.787166666666668,0.0,1.0,1.0,1.0,1.0,0.0,417.9333333333333,0.0,514.9666666666667,0.9681666666666666,0.0
2023-12-29 21:00:00,4.0,24.9,15.0,0.0,28.797666666666665,0.0,0.9833333333333332,1.0,1.0,1.0,0.0,419.5,0.0,506.65,0.9525333333333332,0.0
2023-12-29 22:00:00,4.0,24.9,15.0,0.0,28.806666666666665,0.0,1.0,1.0,1.0,1.0,0.0,402.4166666666667,0.0,498.23333333333335,0.9366666666666668,0.0
2023-12-29 23:00:00,4.0,24.9,15.0,0.0,28.8115,0.0,1.0,1.0,1.0,1.0,0.0,398.25,0.0,500.7,0.9413666666666668,0.0
2023-12-30 00:00:00,4.0,24.9,15.0,0.0,28.819333333333336,0.0,1.0,1.0,1.0,1.0,0.0,398.31666666666666,0.0,496.4,0.9333166666666668,0.0
2023-12-30 01:00:00,4.0,24.89833333333333,15.0,0.0,28.811333333333334,0.0,1.0,1.0,1.0,1.0,0.0,399.06666666666666,0.0,493.0,0.9268333333333332,0.0
2023-12-30 02:00:00,4.0,24.9,15.0,0.0,28.805666666666664,0.0,1.0,1.0,1.0,1.0,0.0,400.81666666666666,0.0,491.0833333333333,0.9231166666666668,0.0
2023-12-30 03:00:00,4.0,24.9,15.0,0.0,28.816666666666663,0.0,0.9666666666666668,0.9833333333333332,0.9833333333333332,0.9833333333333332,0.0,394.1333333333333,0.0,492.03333333333336,0.925,0.0
2023-12-30 04:00:00,4.0,24.885,15.0,0.0,28.817166666666665,0.0,0.95,0.9833333333333332,0.9833333333333332,0.9833333333333332,0.0,392.9333333333333,0.0,479.8666666666667,0.9021666666666668,0.0
2023-12-30 05:00:00,4.0,24.885,15.0,0.0,28.81733333333333,0.0,0.9666666666666668,1.0,1.0,1.0,0.0,395.78333333333336,0.0,485.2166666666666,0.9122333333333332,0.0
2023-12-30 06:00:00,4.0,24.9,15.733333333333333,0.0,28.80433333333333,0.0,0.8666666666666667,0.9333333333333332,0.9333333333333332,0.9333333333333332,0.0,405.6,0.0,484.3833333333333,0.9105166666666666,0.0
2023-12-30 07:00:00,4.0,24.98,16.0,0.0,28.797833333333337,0.0,0.5166666666666667,0.5666666666666667,0.5666666666666667,0.5666666666666667,0.0,397.1333333333333,0.0,483.51666666666665,0.9089666666666668,0.0
2023-12-30 08:00:00,4.0,24.906666666666663,16.0,0.0,28.786,0.0,0.2666666666666666,0.45,0.45,0.45,0.0,389.23333333333335,0.0,467.4333333333333,0.8787833333333332,0.0
2023-12-30 09:00:00,4.0,24.9,16.0,0.0,28.777,0.0,0.1333333333333333,0.2833333333333333,0.2833333333333333,0.2833333333333333,0.0,398.3333333333333,0.0,457.2166666666666,0.8596,0.0
2023-12-30 10:00:00,4.0,24.9,16.0,0.0,28.762833333333333,0.0,0.1333333333333333,0.1833333333333333,0.1833333333333333,0.1833333333333333,0.0,396.6333333333333,0.0,459.0833333333333,0.8631666666666666,0.0
2023-12-30 11:00:00,4.0,24.9,16.5,0.0,28.74633333333333,0.0,0.3666666666666666,0.4,0.4,0.4,0.0,398.6166666666667,0.0,457.1166666666667,0.8591833333333334,0.0
2023-12-30 12:00:00,4.0,24.88833333333333,17.0,0.0,28.72533333333333,0.0,0.85,0.9333333333333332,0.9333333333333332,0.9333333333333332,0.0,399.35,0.0,448.2166666666666,0.8426166666666666,0.0
2023-12-30 13:00:00,4.0,24.9,17.0,0.0,28.707833333333333,0.0,0.5833333333333334,0.6833333333333333,0.6833333333333333,0.6833333333333333,0.0,396.15,0.0,455.15,0.8558166666666666,0.0
2023-12-30 14:00:00,4.0,24.816666666666663,17.0,0.0,28.68883333333333,0.0,0.4,0.6833333333333333,0.6833333333333333,0.6833333333333333,0.0,397.7,0.0,452.1,0.85005,0.0
2023-12-30 15:00:00,4.0,24.875,17.0,0.0,28.680166666666665,0.0,0.1333333333333333,0.25,0.25,0.25,0.0,396.23333333333335,0.0,451.8666666666667,0.8495833333333334,0.0
2023-12-30 16:00:00,4.0,24.84333333333333,17.0,0.0,28.6755,0.0,0.0333333333333333,0.0833333333333333,0.0833333333333333,0.0833333333333333,0.0,395.1666666666667,0.0,452.75,0.8511166666666666,0.0
2023-12-30 17:00:00,4.0,24.9,17.733333333333334,0.0,28.678,0.0,0.0166666666666666,0.0166666666666666,0.0166666666666666,0.0166666666666666,0.0,391.7166666666666,0.0,458.0833333333333,0.8612,0.0
2023-12-30 18:00:00,4.0,24.9,18.0,0.0,28.68916666666667,0.0,0.6666666666666666,0.75,0.75,0.75,0.0,389.2,0.0,450.56666666666666,0.8471,0.0
2023-12-30 19:00:00,4.0,24.9,18.0,0.0,28.690166666666663,0.0,0.0,0.0166666666666666,0.0166666666666666,0.0166666666666666,0.0,398.51666666666665,0.0,458.01666666666665,0.8611666666666667,0.0
2023-12-30 20:00:00,4.0,24.9,18.0,0.0,28.70133333333333,0.0,0.0,0.0,0.0,0.0,0.0,399.95,0.0,458.55,0.8620833333333333,0.0
2023-12-30 21:00:00,4.0,24.9,18.0,0.0,28.723000000000003,0.0,0.0,0.0333333333333333,0.0333333333333333,0.0333333333333333,0.0,400.6166666666667,0.0,461.1166666666667,0.8670166666666667,0.0
2023-12-30 22:00:00,4.0,24.9,18.0,0.0,28.746666666666663,0.0,0.1166666666666666,0.15,0.15,0.15,0.0,397.1333333333333,0.0,463.53333333333336,0.8713833333333334,0.0
2023-12-30 23:00:00,4.0,24.9,18.0,0.0,28.761000000000003,0.0,0.7166666666666667,0.85,0.85,0.85,0.0,401.2,0.0,460.25,0.8653,0.0
2023-12-31 00:00:00,4.0,24.9,18.0,0.0,28.77433333333333,0.0,0.8333333333333334,0.95,0.95,0.95,0.0,399.81666666666666,0.0,455.65,0.8565666666666666,0.0
2023-12-31 01:00:00,4.0,24.9,17.95,0.0,28.7905,0.0,1.0,1.0,1.0,1.0,0.0,398.25,0.0,457.03333333333336,0.85905,0.0
2023-12-31 02:00:00,4.0,24.861666666666668,17.0,0.0,28.807166666666667,0.0,1.0,1.0,1.0,1.0,0.0,393.3333333333333,0.0,458.05,0.8611166666666666,0.0
2023-12-31 03:00:00,4.0,24.88833333333333,17.0,0.0,28.8375,0.0,1.0,1.0,1.0,1.0,0.0,390.26666666666665,0.0,451.48333333333335,0.8487333333333333,0.0
2023-12-31 04:00:00,4.0,24.851666666666667,17.0,0.0,28.862,0.0,1.0,1.0,1.0,1.0,0.0,391.4166666666667,0.0,444.2,0.8352166666666666,0.0
2023-12-31 05:00:00,4.0,24.9,17.0,0.0,28.886333333333333,0.0,1.0,1.0,1.0,1.0,0.0,394.8,0.0,439.6166666666667,0.8263499999999999,0.0
2023-12-31 06:00:00,4.0,24.9,17.0,0.0,28.9055,0.0,1.0,1.0,1.0,1.0,0.0,392.3,0.0,437.76666666666665,0.8230833333333333,0.0
2023-12-31 07:00:00,4.0,24.951666666666664,17.0,0.0,28.91766666666667,0.0,1.0,1.0,1.0,1.0,0.0,397.8,0.0,434.3,0.8165499999999999,0.0
2023-12-31 08:00:00,4.0,25.0,17.0,0.0,28.925666666666665,0.0,1.0,1.0,1.0,1.0,0.0,400.4666666666666,0.0,428.56666666666666,0.8057333333333333,0.0
2023-12-31 09:00:00,4.0,25.0,17.0,0.0,28.944666666666667,0.0,1.0,1.0,1.0,1.0,0.0,393.3833333333333,0.0,432.6333333333333,0.8132833333333332,0.0
2023-12-31 10:00:00,4.0,24.995,17.0,0.0,28.96433333333333,0.0,1.0,1.0,1.0,1.0,0.0,398.01666666666665,0.0,432.7,0.8135833333333333,0.0
2023-12-31 11:00:00,4.0,25.0,17.0,0.0,28.9705,0.0,1.0,1.0,1.0,1.0,0.0,397.4666666666666,0.0,435.15,0.8180499999999999,0.0
2023-12-31 12:00:00,4.0,24.996666666666663,17.4,0.0,28.973166666666664,0.0,1.0,1.0,1.0,1.0,0.0,394.3833333333333,0.0,433.73333333333335,0.8155166666666667,0.0
2023-12-31 13:00:00,4.0,25.0,18.0,0.0,28.97883333333333,0.0,1.0,1.0,1.0,1.0,0.0,397.2166666666666,0.0,434.1833333333333,0.8163833333333332,0.0
2023-12-31 14:00:00,4.0,24.946666666666665,18.0,0.0,28.992666666666665,0.0,1.0,1.0,1.0,1.0,0.0,396.73333333333335,0.0,431.4666666666666,0.8111333333333334,0.0
2023-12-31 15:00:00,4.0,24.94833333333333,18.0,0.0,29.0,0.0,0.95,0.9833333333333332,0.9833333333333332,0.9833333333333332,0.0,392.35,0.0,424.56666666666666,0.7981,0.0
2023-12-31 16:00:00,4.0,24.916666666666668,18.683333333333334,0.0,29.008333333333333,0.0,0.95,1.0,1.0,1.0,0.0,394.5,0.0,424.85,0.7988500000000001,0.0
2023-12-31 17:00:00,4.0,24.8,19.0,0.0,29.01,0.0,0.9666666666666668,0.9833333333333332,0.9833333333333332,0.9833333333333332,0.0,396.25,0.0,425.4166666666667,0.7998666666666667,0.0
2023-12-31 18:00:00,4.0,24.775,19.0,0.0,29.018166666666666,0.0,1.0,1.0,1.0,1.0,0.0,400.06666666666666,0.0,421.1,0.7915500000000001,0.0
2023-12-31 19:00:00,4.0,24.775,19.0,0.0,29.021833333333333,0.0,1.0,1.0,1.0,1.0,0.0,404.1333333333333,0.0,416.78333333333336,0.7835000000000001,0.0
2023-12-31 20:00:00,4.0,24.775,19.0,0.0,29.02583333333333,0.0,1.0,1.0,1.0,1.0,0.0,400.6833333333333,0.0,412.73333333333335,0.7759166666666667,0.0
2023-12-31 21:00:00,4.0,24.725,19.0,0.0,29.02433333333333,0.0,1.0,1.0,1.0,1.0,0.0,394.65,0.0,406.6333333333333,0.7644166666666667,0.0
2023-12-31 22:00:00,4.0,24.74333333333333,19.0,0.0,29.009166666666665,0.0,1.0,1.0,1.0,1.0,0.0,394.85,0.0,401.3333333333333,0.7544333333333333,0.0
2023-12-31 23:00:00,4.0,24.7,19.0,0.0,28.994,0.0,1.0,1.0,1.0,1.0,0.0,391.5,0.0,386.4666666666666,0.7266833333333333,0.0
