timestamp,pm1,pm2.5,pm4,pm10
2023-12-18 00:00:00,1.097142857142857,1.2892857142857144,1.2892857142857144,1.2892857142857144
2023-12-18 00:15:00,0.96,1.2666666666666666,1.3299999999999998,1.393333333333333
2023-12-18 00:30:00,1.472,1.7733333333333332,1.7733333333333332,1.8366666666666662
2023-12-18 00:45:00,1.408,1.71,1.71,1.8366666666666662
2023-12-18 01:00:00,1.0879999999999999,1.4566666666666668,1.6466666666666667,1.6466666666666667
2023-12-18 01:15:00,0.96,1.0133333333333334,1.0766666666666667,1.0766666666666667
2023-12-18 01:30:00,1.0240000000000002,1.2033333333333331,1.2033333333333331,1.2666666666666666
2023-12-18 01:45:00,0.96,1.0766666666666667,1.14,1.14
2023-12-18 02:00:00,1.0879999999999999,1.0766666666666667,1.14,1.14
2023-12-18 02:15:00,1.92,1.9633333333333334,1.9633333333333334,1.9633333333333334
2023-12-18 02:30:00,2.304,2.5966666666666667,2.723333333333333,2.723333333333333
2023-12-18 02:45:00,2.6879999999999997,2.8499999999999996,2.8499999999999996,2.8499999999999996
2023-12-18 03:00:00,2.5599999999999996,2.6599999999999997,2.6599999999999997,2.723333333333333
2023-12-18 03:15:00,1.9840000000000002,2.09,2.09,2.1533333333333333
2023-12-18 03:30:00,1.92,1.9,1.9,1.9
2023-12-18 03:45:00,1.728,1.8366666666666662,1.8366666666666662,1.8366666666666662
2023-12-18 04:00:00,0.96,1.3299999999999998,1.3299999999999998,1.3299999999999998
2023-12-18 04:15:00,0.96,1.0133333333333334,1.0133333333333334,1.0133333333333334
2023-12-18 04:30:00,1.6,1.71,1.7733333333333332,1.7733333333333332
2023-12-18 04:45:00,1.92,2.1533333333333333,2.1533333333333333,2.1533333333333333
2023-12-18 05:00:00,2.624,2.786666666666666,2.8499999999999996,2.8499999999999996
2023-12-18 05:15:00,2.752,2.8499999999999996,2.8499999999999996,2.8499999999999996
2023-12-18 05:30:00,2.112,2.5966666666666667,2.5966666666666667,2.5966666666666667
2023-12-18 05:45:00,1.92,1.9633333333333334,1.9633333333333334,1.9633333333333334
2023-12-18 06:00:00,1.92,1.9,1.9,1.9
2023-12-18 06:15:00,1.9840000000000002,2.09,2.09,2.2166666666666663
2023-12-18 06:30:00,2.496,2.786666666666666,2.786666666666666,2.786666666666666
2023-12-18 06:45:00,2.88,2.9133333333333336,2.9133333333333336,2.9133333333333336
2023-12-18 07:00:00,2.88,3.04,3.04,3.04
2023-12-18 07:15:00,2.944,3.42,3.42,3.483333333333333
2023-12-18 07:30:00,3.328,3.546666666666666,3.546666666666666,3.546666666666666
2023-12-18 07:45:00,20.352,21.406666666666663,21.406666666666663,21.406666666666663
2023-12-18 08:00:00,21.951999999999998,22.926666666666666,22.99,22.99
2023-12-18 08:15:00,12.416,13.046666666666665,13.046666666666665,13.046666666666665
2023-12-18 08:30:00,7.039999999999999,7.283333333333333,7.283333333333333,7.283333333333333
2023-12-18 08:45:00,4.224,4.369999999999999,4.369999999999999,4.369999999999999
2023-12-18 09:00:00,3.1359999999999997,3.2933333333333334,3.2933333333333334,3.2933333333333334
2023-12-18 09:15:00,2.88,2.8499999999999996,2.8499999999999996,2.8499999999999996
2023-12-18 09:30:00,2.88,2.8499999999999996,2.8499999999999996,2.8499999999999996
2023-12-18 09:45:00,2.88,2.8499999999999996,2.8499999999999996,2.8499999999999996
2023-12-18 10:00:00,3.008,3.166666666666666,3.166666666666666,3.166666666666666
2023-12-18 10:15:00,3.1359999999999997,3.546666666666666,3.546666666666666,3.61
2023-12-18 10:30:00,3.008,3.2933333333333334,3.2933333333333334,3.3566666666666665
2023-12-18 10:45:00,3.9039999999999995,4.18,4.18,4.18
2023-12-18 11:00:00,4.48,4.6866666666666665,4.6866666666666665,4.6866666666666665
2023-12-18 11:15:00,4.864,5.13,5.13,5.13
2023-12-18 11:30:00,5.184,5.636666666666667,5.636666666666667,5.636666666666667
2023-12-18 11:45:00,5.696,5.763333333333333,5.763333333333333,5.763333333333333
2023-12-18 12:00:00,5.44,5.699999999999999,5.763333333333333,5.763333333333333
2023-12-18 12:15:00,5.696,5.763333333333333,5.763333333333333,5.763333333333333
2023-12-18 12:30:00,5.504,5.763333333333333,5.763333333333333,5.763333333333333
2023-12-18 12:45:00,5.696,5.89,5.953333333333333,5.953333333333333
2023-12-18 13:00:00,5.504,5.699999999999999,5.699999999999999,5.763333333333333
2023-12-18 13:15:00,4.351999999999999,4.623333333333333,4.623333333333333,4.623333333333333
2023-12-18 13:30:00,3.84,3.9266666666666667,3.9899999999999998,3.9899999999999998
2023-12-18 13:45:00,3.5839999999999996,3.6733333333333325,3.6733333333333325,3.6733333333333325
2023-12-18 14:00:00,3.1999999999999997,3.483333333333333,3.546666666666666,3.546666666666666
2023-12-18 14:15:00,3.1999999999999997,3.483333333333333,3.483333333333333,3.483333333333333
2023-12-18 14:30:00,2.944,3.3566666666666665,3.3566666666666665,3.3566666666666665
2023-12-18 14:45:00,3.1999999999999997,3.61,3.6733333333333325,3.7366666666666664
2023-12-18 15:00:00,2.944,3.3566666666666665,3.42,3.42
2023-12-18 15:15:00,2.944,3.3566666666666665,3.3566666666666665,3.42
2023-12-18 15:30:00,2.88,3.166666666666666,3.166666666666666,3.166666666666666
2023-12-18 15:45:00,2.88,3.04,3.04,3.04
2023-12-18 16:00:00,2.88,2.9133333333333336,2.9133333333333336,2.9133333333333336
2023-12-18 16:15:00,2.88,2.9133333333333336,2.9133333333333336,2.9133333333333336
2023-12-18 16:30:00,2.88,2.9133333333333336,2.9766666666666666,2.9766666666666666
2023-12-18 16:45:00,2.816,2.8499999999999996,2.8499999999999996,2.8499999999999996
2023-12-18 17:00:00,2.88,2.8499999999999996,2.8499999999999996,2.8499999999999996
2023-12-18 17:15:00,2.88,2.9133333333333336,2.9133333333333336,2.9133333333333336
2023-12-18 17:30:00,2.88,2.9133333333333336,2.9133333333333336,2.9133333333333336
2023-12-18 17:45:00,2.88,3.04,3.166666666666666,3.166666666666666
2023-12-18 18:00:00,2.88,2.9766666666666666,3.04,3.103333333333333
2023-12-18 18:15:00,2.944,3.23,3.23,3.23
2023-12-18 18:30:00,2.88,2.8499999999999996,2.8499999999999996,2.8499999999999996
2023-12-18 18:45:00,2.88,3.04,3.04,3.103333333333333
2023-12-18 19:00:00,2.88,2.9133333333333336,2.9133333333333336,2.9133333333333336
2023-12-18 19:15:00,2.88,2.8499999999999996,2.8499999999999996,2.8499999999999996
2023-12-18 19:30:00,2.88,2.917857142857143,2.917857142857143,2.9857142857142853
2023-12-18 19:45:00,2.88,2.8499999999999996,2.8499999999999996,2.8499999999999996
2023-12-18 20:00:00,2.88,2.8499999999999996,2.8499999999999996,2.8499999999999996
2023-12-18 20:15:00,2.816,2.8499999999999996,2.8499999999999996,2.8499999999999996
2023-12-18 20:30:00,2.88,2.8499999999999996,2.8499999999999996,2.8499999999999996
2023-12-18 20:45:00,2.88,2.8499999999999996,2.8499999999999996,2.8499999999999996
2023-12-18 21:00:00,2.88,2.8499999999999996,2.8499999999999996,2.8499999999999996
2023-12-18 21:15:00,2.816,2.8499999999999996,2.8499999999999996,2.8499999999999996
2023-12-18 21:30:00,2.752,2.8499999999999996,2.8499999999999996,2.8499999999999996
2023-12-18 21:45:00,2.368,2.786666666666666,2.786666666666666,2.786666666666666
2023-12-18 22:00:00,2.432,2.533333333333333,2.533333333333333,2.5966666666666667
2023-12-18 22:15:00,2.048,2.533333333333333,2.533333333333333,2.533333333333333
2023-12-18 22:30:00,1.9840000000000002,2.28,2.28,2.28
2023-12-18 22:45:00,1.9840000000000002,2.0266666666666664,2.09,2.09
2023-12-18 23:00:00,1.92,1.9633333333333334,2.0266666666666664,2.0266666666666664
2023-12-18 23:15:00,1.92,1.9,1.9,1.9
2023-12-18 23:30:00,1.92,1.9,1.9,1.9
2023-12-18 23:45:00,1.92,1.9,1.9,1.9
2023-12-19 00:00:00,1.92,1.9,1.9,1.9
2023-12-19 00:15:00,1.92,1.9,1.9,1.9
2023-12-19 00:30:00,1.92,1.9,1.9,1.9
2023-12-19 00:45:00,1.8559999999999994,1.9,1.9,1.9
2023-12-19 01:00:00,1.792,1.9,1.9,1.9
2023-12-19 01:15:00,1.792,1.9,1.9,1.9
2023-12-19 01:30:00,1.8559999999999994,1.9,1.9,1.9
2023-12-19 01:45:00,1.92,1.9,1.9,1.9
2023-12-19 02:00:00,1.92,1.9,1.9,1.9
2023-12-19 02:15:00,3.072,3.166666666666666,3.166666666666666,3.166666666666666
2023-12-19 02:30:00,3.84,4.243333333333333,4.243333333333333,4.306666666666667
2023-12-19 02:45:00,3.9039999999999995,4.306666666666667,4.369999999999999,4.496666666666666
2023-12-19 03:00:00,3.776,3.8,3.8,3.8
2023-12-19 03:15:00,3.84,3.8,3.863333333333333,3.863333333333333
2023-12-19 03:30:00,3.84,3.9899999999999998,4.053333333333333,4.053333333333333
2023-12-19 03:45:00,3.84,3.8,3.8,3.8
2023-12-19 04:00:00,3.84,3.8,3.8,3.8
2023-12-19 04:15:00,3.84,3.863333333333333,3.863333333333333,3.9266666666666667
2023-12-19 04:30:00,3.84,3.8,3.8,3.8
2023-12-19 04:45:00,3.84,3.863333333333333,3.9266666666666667,3.9266666666666667
2023-12-19 05:00:00,3.776,3.9899999999999998,3.9899999999999998,3.9899999999999998
2023-12-19 05:15:00,4.096,4.56,4.623333333333333,4.623333333333333
2023-12-19 05:30:00,4.159999999999999,4.623333333333333,4.623333333333333,4.623333333333333
2023-12-19 05:45:00,4.288,4.6866666666666665,4.6866666666666665,4.6866666666666665
2023-12-19 06:00:00,4.608,4.75,4.75,4.75
2023-12-19 06:15:00,4.672,4.813333333333333,4.813333333333333,4.813333333333333
2023-12-19 06:30:00,4.8,5.066666666666666,5.13,5.13
2023-12-19 06:45:00,4.864,5.066666666666666,5.066666666666666,5.066666666666666
2023-12-19 07:00:00,4.4159999999999995,4.56,4.56,4.56
2023-12-19 07:15:00,3.456,3.483333333333333,3.483333333333333,3.483333333333333
2023-12-19 07:30:00,2.752,2.8499999999999996,2.8499999999999996,2.8499999999999996
2023-12-19 07:45:00,2.6879999999999997,2.8499999999999996,2.8499999999999996,2.8499999999999996
2023-12-19 08:00:00,61.056,64.03,64.21999999999998,64.34666666666666
2023-12-19 08:15:00,100.224,105.13333333333334,105.19666666666664,105.38666666666667
2023-12-19 08:30:00,42.239999999999995,44.459999999999994,44.58666666666666,44.58666666666666
2023-12-19 08:45:00,17.663999999999998,18.556666666666665,18.556666666666665,18.556666666666665
2023-12-19 09:00:00,8.192,8.739999999999998,8.739999999999998,8.739999999999998
2023-12-19 09:15:00,4.4159999999999995,4.623333333333333,4.623333333333333,4.623333333333333
2023-12-19 09:30:00,2.6879999999999997,2.9133333333333336,2.9133333333333336,2.9133333333333336
2023-12-19 09:45:00,1.92,1.9,1.9,1.9
2023-12-19 10:00:00,1.92,1.9,1.9,1.9
2023-12-19 10:15:00,1.792,1.8366666666666662,1.8366666666666662,1.8366666666666662
2023-12-19 10:30:00,1.8559999999999994,1.9,1.9,1.9
2023-12-19 10:45:00,1.8559999999999994,1.9,1.9,1.9
2023-12-19 11:00:00,1.92,1.9,1.9,1.9
2023-12-19 11:15:00,1.92,1.9,1.9,1.9
2023-12-19 11:30:00,1.8559999999999994,1.9,1.9,1.9
2023-12-19 11:45:00,1.8559999999999994,1.9,1.9,1.9
2023-12-19 12:00:00,1.92,1.9,1.9,1.9
2023-12-19 12:15:00,1.536,1.9,1.9,1.9
2023-12-19 12:30:00,1.216,1.5833333333333333,1.5833333333333333,1.5833333333333333
2023-12-19 12:45:00,0.96,1.0133333333333334,1.0133333333333334,1.0133333333333334
2023-12-19 13:00:00,1.0240000000000002,1.0133333333333334,1.0133333333333334,1.0133333333333334
2023-12-19 13:15:00,0.96,0.95,0.95,0.95
2023-12-19 13:30:00,0.96,0.95,0.95,0.95
2023-12-19 13:45:00,0.96,0.95,0.95,0.95
2023-12-19 14:00:00,0.96,0.95,0.95,0.95
2023-12-19 14:15:00,0.96,0.95,0.95,0.95
2023-12-19 14:30:00,0.96,0.95,0.95,0.95
2023-12-19 14:45:00,0.96,0.95,0.95,0.95
2023-12-19 15:00:00,0.96,0.95,0.95,0.95
2023-12-19 15:15:00,0.96,0.95,0.95,0.95
2023-12-19 15:30:00,0.96,0.95,0.95,0.95
2023-12-19 15:45:00,0.96,0.95,0.95,0.95
2023-12-19 16:00:00,0.96,0.95,0.95,0.95
2023-12-19 16:15:00,0.96,0.95,0.95,0.95
2023-12-19 16:30:00,0.96,0.95,0.95,0.95
2023-12-19 16:45:00,0.96,0.95,0.95,0.95
2023-12-19 17:00:00,0.96,0.95,0.95,0.95
2023-12-19 17:15:00,0.96,0.95,0.95,0.95
2023-12-19 17:30:00,0.96,0.95,0.95,0.95
2023-12-19 17:45:00,0.96,0.95,0.95,0.95
2023-12-19 18:00:00,0.96,0.95,0.95,0.95
2023-12-19 18:15:00,0.96,0.95,0.95,0.95
2023-12-19 18:30:00,0.96,0.95,0.95,0.95
2023-12-19 18:45:00,0.96,0.95,0.95,0.95
2023-12-19 19:00:00,0.96,0.95,0.95,0.95
2023-12-19 19:15:00,0.96,0.95,0.95,0.95
2023-12-19 19:30:00,0.96,0.95,0.95,0.95
2023-12-19 19:45:00,0.96,0.95,0.95,0.95
2023-12-19 20:00:00,0.96,0.95,0.95,0.95
2023-12-19 20:15:00,0.96,0.95,0.95,0.95
2023-12-19 20:30:00,0.96,0.95,0.95,0.95
2023-12-19 20:45:00,0.96,0.95,0.95,0.95
2023-12-19 21:00:00,0.96,0.95,0.95,0.95
2023-12-19 21:15:00,0.96,0.95,0.95,0.95
2023-12-19 21:30:00,0.96,0.95,0.95,0.95
2023-12-19 21:45:00,0.96,0.95,0.95,0.95
2023-12-19 22:00:00,0.96,0.95,0.95,0.95
2023-12-19 22:15:00,0.96,0.95,0.95,0.95
2023-12-19 22:30:00,0.96,0.95,0.95,0.95
2023-12-19 22:45:00,0.96,0.95,0.95,0.95
2023-12-19 23:00:00,0.96,0.95,0.95,0.95
2023-12-19 23:15:00,0.96,0.95,0.95,0.95
2023-12-19 23:30:00,0.96,0.95,0.95,0.95
2023-12-19 23:45:00,0.96,0.95,0.95,0.95
2023-12-20 00:00:00,0.96,0.95,0.95,0.95
2023-12-20 00:15:00,0.96,0.95,0.95,0.95
2023-12-20 00:30:00,0.96,0.95,0.95,0.95
2023-12-20 00:45:00,0.96,0.95,0.95,0.95
2023-12-20 01:00:00,0.96,0.95,0.95,0.95
2023-12-20 01:15:00,0.96,0.95,0.95,0.95
2023-12-20 01:30:00,0.96,0.95,0.95,0.95
2023-12-20 01:45:00,0.96,0.95,0.95,0.95
2023-12-20 02:00:00,0.8959999999999999,0.95,0.95,0.95
2023-12-20 02:15:00,0.96,0.95,0.95,0.95
2023-12-20 02:30:00,1.0879999999999999,1.3299999999999998,1.3299999999999998,1.3299999999999998
2023-12-20 02:45:00,1.536,1.7733333333333332,1.7733333333333332,1.7733333333333332
2023-12-20 03:00:00,1.92,1.9,1.9,1.9
2023-12-20 03:15:00,2.1759999999999997,2.4699999999999998,2.4699999999999998,2.533333333333333
2023-12-20 03:30:00,2.88,2.8499999999999996,2.8499999999999996,2.8499999999999996
2023-12-20 03:45:00,2.88,2.9766666666666666,2.9766666666666666,2.9766666666666666
2023-12-20 04:00:00,2.5599999999999996,2.723333333333333,2.723333333333333,2.723333333333333
2023-12-20 04:15:00,1.8559999999999994,1.8366666666666662,1.8366666666666662,1.8366666666666662
2023-12-20 04:30:00,1.2799999999999998,1.3299999999999998,1.393333333333333,1.393333333333333
2023-12-20 04:45:00,0.96,1.0133333333333334,1.0133333333333334,1.0133333333333334
2023-12-20 05:00:00,0.96,0.95,0.95,0.95
2023-12-20 05:15:00,0.96,0.95,0.95,0.95
2023-12-20 05:30:00,0.96,0.95,0.95,0.95
2023-12-20 05:45:00,0.96,0.95,0.95,0.95
2023-12-20 06:00:00,0.96,0.95,0.95,0.95
2023-12-20 06:15:00,0.96,0.95,0.95,0.95
2023-12-20 06:30:00,1.408,1.5833333333333333,1.5833333333333333,1.5833333333333333
2023-12-20 06:45:00,1.92,1.9633333333333334,1.9633333333333334,1.9633333333333334
2023-12-20 07:00:00,1.9840000000000002,2.0266666666666664,2.0266666666666664,2.0266666666666664
2023-12-20 07:15:00,2.816,2.8499999999999996,2.8499999999999996,2.8499999999999996
2023-12-20 07:30:00,3.711999999999999,3.7366666666666664,3.863333333333333,3.9899999999999998
2023-12-20 07:45:00,7.871999999999999,8.17,8.17,8.17
2023-12-20 08:00:00,9.151999999999997,9.626666666666665,9.626666666666665,9.69
2023-12-20 08:15:00,7.744,8.36,8.549999999999999,8.549999999999999
2023-12-20 08:30:00,7.4239999999999995,7.916666666666667,8.043333333333333,8.043333333333333
2023-12-20 08:45:00,6.271999999999999,6.5233333333333325,6.6499999999999995,6.6499999999999995
2023-12-20 09:00:00,5.119999999999999,5.51,5.51,5.51
2023-12-20 09:15:00,4.096,4.496666666666666,4.496666666666666,4.496666666666666
2023-12-20 09:30:00,3.392,3.61,3.61,3.61
2023-12-20 09:45:00,3.072,3.42,3.42,3.42
2023-12-20 10:00:00,2.88,2.9133333333333336,2.9133333333333336,2.9133333333333336
2023-12-20 10:15:00,2.944,2.9133333333333336,2.9133333333333336,2.9133333333333336
2023-12-20 10:30:00,2.944,3.04,3.04,3.04
2023-12-20 10:45:00,2.88,2.9133333333333336,2.9133333333333336,2.9766666666666666
2023-12-20 11:00:00,2.816,2.8499999999999996,2.8499999999999996,2.8499999999999996
2023-12-20 11:15:00,2.752,2.786666666666666,2.786666666666666,2.786666666666666
2023-12-20 11:30:00,2.752,2.8499999999999996,2.8499999999999996,2.8499999999999996
2023-12-20 11:45:00,2.2399999999999998,2.4699999999999998,2.4699999999999998,2.4699999999999998
2023-12-20 12:00:00,1.92,1.9,1.9,1.9
2023-12-20 12:15:00,1.92,1.9,1.9,1.9
2023-12-20 12:30:00,1.6,1.7733333333333332,1.7733333333333332,1.7733333333333332
2023-12-20 12:45:00,1.2799999999999998,1.6466666666666667,1.6466666666666667,1.6466666666666667
2023-12-20 13:00:00,1.536,1.7733333333333332,1.7733333333333332,1.7733333333333332
2023-12-20 13:15:00,0.96,1.0133333333333334,1.0133333333333334,1.0133333333333334
2023-12-20 13:30:00,0.96,0.95,0.95,0.95
2023-12-20 13:45:00,0.96,0.95,0.95,0.95
2023-12-20 14:00:00,0.96,0.95,0.95,0.95
2023-12-20 14:15:00,0.96,0.95,0.95,0.95
2023-12-20 14:30:00,0.96,0.95,0.95,0.95
2023-12-20 14:45:00,0.96,0.95,0.95,0.95
2023-12-20 15:00:00,0.96,0.95,0.95,0.95
2023-12-20 15:15:00,0.96,0.95,0.95,0.95
2023-12-20 15:30:00,0.96,0.95,0.95,0.95
2023-12-20 15:45:00,0.96,1.14,1.14,1.14
2023-12-20 16:00:00,1.0879999999999999,1.2033333333333331,1.2033333333333331,1.2033333333333331
2023-12-20 16:15:00,1.2799999999999998,1.393333333333333,1.393333333333333,1.393333333333333
2023-12-20 16:30:00,1.3439999999999999,1.5833333333333333,1.5833333333333333,1.5833333333333333
2023-12-20 16:45:00,1.536,1.9,1.9,1.9
2023-12-20 17:00:00,1.408,1.9,1.9,1.9
2023-12-20 17:15:00,1.472,1.71,1.71,1.71
2023-12-20 17:30:00,1.2799999999999998,1.71,1.71,1.71
2023-12-20 17:45:00,0.96,1.3299999999999998,1.3299999999999998,1.3299999999999998
2023-12-20 18:00:00,1.216,1.393333333333333,1.393333333333333,1.393333333333333
2023-12-20 18:15:00,1.0879999999999999,1.2666666666666666,1.2666666666666666,1.2666666666666666
2023-12-20 18:30:00,0.96,1.2666666666666666,1.2666666666666666,1.2666666666666666
2023-12-20 18:45:00,1.0240000000000002,1.0766666666666667,1.0766666666666667,1.0766666666666667
2023-12-20 19:00:00,0.96,0.95,0.95,0.95
2023-12-20 19:15:00,0.96,1.0133333333333334,1.0133333333333334,1.0133333333333334
2023-12-20 19:30:00,1.0240000000000002,1.0133333333333334,1.0133333333333334,1.0133333333333334
2023-12-20 19:45:00,0.96,0.95,0.95,0.95
2023-12-20 20:00:00,0.96,0.95,0.95,0.95
2023-12-20 20:15:00,0.96,0.95,0.95,0.95
2023-12-20 20:30:00,0.96,0.95,0.95,0.95
2023-12-20 20:45:00,0.96,0.95,0.95,0.95
2023-12-20 21:00:00,0.96,0.95,0.95,0.95
2023-12-20 21:15:00,0.96,0.95,0.95,0.95
2023-12-20 21:30:00,0.96,0.95,0.95,0.95
2023-12-20 21:45:00,0.96,0.95,0.95,0.95
2023-12-20 22:00:00,0.96,0.95,0.95,0.95
2023-12-20 22:15:00,0.96,0.95,0.95,0.95
2023-12-20 22:30:00,0.96,1.0133333333333334,1.0133333333333334,1.0133333333333334
2023-12-20 22:45:00,1.152,1.2666666666666666,1.2666666666666666,1.2666666666666666
2023-12-20 23:00:00,1.2799999999999998,1.7944444444444443,1.9,1.9
2023-12-20 23:15:00,,,,
2023-12-20 23:30:00,,,,
2023-12-20 23:45:00,,,,
2023-12-21 00:00:00,,,,
2023-12-21 00:15:00,,,,
2023-12-21 00:30:00,,,,
2023-12-21 00:45:00,,,,
2023-12-21 01:00:00,,,,
2023-12-21 01:15:00,,,,
2023-12-21 01:30:00,,,,
2023-12-21 01:45:00,,,,
2023-12-21 02:00:00,,,,
2023-12-21 02:15:00,,,,
2023-12-21 02:30:00,,,,
2023-12-21 02:45:00,,,,
2023-12-21 03:00:00,,,,
2023-12-21 03:15:00,,,,
2023-12-21 03:30:00,,,,
2023-12-21 03:45:00,,,,
2023-12-21 04:00:00,,,,
2023-12-21 04:15:00,,,,
2023-12-21 04:30:00,,,,
2023-12-21 04:45:00,,,,
2023-12-21 05:00:00,,,,
2023-12-21 05:15:00,,,,
2023-12-21 05:30:00,,,,
2023-12-21 05:45:00,,,,
2023-12-21 06:00:00,,,,
2023-12-21 06:15:00,,,,
2023-12-21 06:30:00,,,,
2023-12-21 06:45:00,,,,
2023-12-21 07:00:00,,,,
2023-12-21 07:15:00,,,,
2023-12-21 07:30:00,,,,
2023-12-21 07:45:00,,,,
2023-12-21 08:00:00,,,,
2023-12-21 08:15:00,,,,
2023-12-21 08:30:00,,,,
2023-12-21 08:45:00,,,,
2023-12-21 09:00:00,,,,
2023-12-21 09:15:00,,,,
2023-12-21 09:30:00,,,,
2023-12-21 09:45:00,,,,
2023-12-21 10:00:00,,,,
2023-12-21 10:15:00,,,,
2023-12-21 10:30:00,,,,
2023-12-21 10:45:00,,,,
2023-12-21 11:00:00,,,,
2023-12-21 11:15:00,,,,
2023-12-21 11:30:00,,,,
2023-12-21 11:45:00,,,,
2023-12-21 12:00:00,,,,
2023-12-21 12:15:00,,,,
2023-12-21 12:30:00,,,,
2023-12-21 12:45:00,,,,
2023-12-21 13:00:00,,,,
2023-12-21 13:15:00,,,,
2023-12-21 13:30:00,,,,
2023-12-21 13:45:00,,,,
2023-12-21 14:00:00,,,,
2023-12-21 14:15:00,,,,
2023-12-21 14:30:00,,,,
2023-12-21 14:45:00,,,,
2023-12-21 15:00:00,,,,
2023-12-21 15:15:00,,,,
2023-12-21 15:30:00,,,,
2023-12-21 15:45:00,,,,
2023-12-21 16:00:00,,,,
2023-12-21 16:15:00,,,,
2023-12-21 16:30:00,,,,
2023-12-21 16:45:00,,,,
2023-12-21 17:00:00,0.0,0.0,0.0,0.0
2023-12-21 17:15:00,0.0,0.0,0.0,0.0
2023-12-21 17:30:00,0.0,0.12666666666666662,0.12666666666666662,0.12666666666666662
2023-12-21 17:45:00,0.384,0.4433333333333333,0.4433333333333333,0.4433333333333333
2023-12-21 18:00:00,0.31999999999999995,0.5066666666666666,0.5066666666666666,0.5066666666666666
2023-12-21 18:15:00,0.06399999999999993,0.06333333333333327,0.06333333333333327,0.06333333333333327
2023-12-21 18:30:00,0.06399999999999993,0.19,0.19,0.19
2023-12-21 18:45:00,0.0,0.0,0.0,0.0
2023-12-21 19:00:00,0.0,0.0,0.0,0.0
2023-12-21 19:15:00,0.0,0.0,0.0,0.0
2023-12-21 19:30:00,0.0,0.0,0.0,0.0
2023-12-21 19:45:00,0.0,0.0,0.0,0.0
2023-12-21 20:00:00,0.0,0.0,0.0,0.0
2023-12-21 20:15:00,0.0,0.0,0.0,0.0
2023-12-21 20:30:00,0.0,0.0,0.0,0.0
2023-12-21 20:45:00,0.0,0.0,0.0,0.0
2023-12-21 21:00:00,0.0,0.0,0.0,0.0
2023-12-21 21:15:00,0.0,0.0,0.0,0.0
2023-12-21 21:30:00,0.0,0.0,0.0,0.0
2023-12-21 21:45:00,0.0,0.0,0.0,0.0
2023-12-21 22:00:00,0.0,0.0,0.0,0.0
2023-12-21 22:15:00,0.0,0.0,0.0,0.0
2023-12-21 22:30:00,0.0,0.0,0.0,0.0
2023-12-21 22:45:00,0.0,0.0,0.0,0.0
2023-12-21 23:00:00,0.0,0.0,0.0,0.0
2023-12-21 23:15:00,0.0,0.0,0.0,0.0
2023-12-21 23:30:00,0.0,0.0,0.0,0.0
2023-12-21 23:45:00,0.0,0.0,0.0,0.0
2023-12-22 00:00:00,0.0,0.12666666666666662,0.12666666666666662,0.12666666666666662
2023-12-22 00:15:00,0.0,0.0,0.0,0.0
2023-12-22 00:30:00,0.0,0.0,0.0,0.0
2023-12-22 00:45:00,0.0,0.0,0.0,0.0
2023-12-22 01:00:00,0.0,0.0,0.0,0.0
2023-12-22 01:15:00,0.0,0.0,0.0,0.0
2023-12-22 01:30:00,0.0,0.0,0.0,0.0
2023-12-22 01:45:00,0.0,0.0,0.0,0.0
2023-12-22 02:00:00,0.0,0.0,0.0,0.0
2023-12-22 02:15:00,0.0,0.0,0.0,0.0
2023-12-22 02:30:00,0.0,0.0,0.0,0.0
2023-12-22 02:45:00,0.0,0.0,0.0,0.0
2023-12-22 03:00:00,0.0,0.0,0.0,0.0
2023-12-22 03:15:00,0.0,0.0,0.0,0.0
2023-12-22 03:30:00,0.0,0.0,0.0,0.0
2023-12-22 03:45:00,0.0,0.0,0.0,0.0
2023-12-22 04:00:00,0.0,0.0,0.0,0.0
2023-12-22 04:15:00,0.0,0.0,0.0,0.0
2023-12-22 04:30:00,0.192,0.31666666666666665,0.31666666666666665,0.31666666666666665
2023-12-22 04:45:00,0.96,0.95,0.95,0.95
2023-12-22 05:00:00,0.96,0.95,0.95,0.95
2023-12-22 05:15:00,0.96,0.95,0.95,0.95
2023-12-22 05:30:00,1.728,1.9,1.9,1.9
2023-12-22 05:45:00,3.264,3.483333333333333,3.483333333333333,3.483333333333333
2023-12-22 06:00:00,4.159999999999999,4.369999999999999,4.369999999999999,4.496666666666666
2023-12-22 06:15:00,4.48,4.876666666666667,4.9399999999999995,5.003333333333333
2023-12-22 06:30:00,5.248,5.573333333333332,5.573333333333332,5.636666666666667
2023-12-22 06:45:00,6.079999999999999,6.586666666666667,6.776666666666666,6.776666666666666
2023-12-22 07:00:00,6.079999999999999,6.586666666666667,6.6499999999999995,6.6499999999999995
2023-12-22 07:15:00,5.866666666666666,6.333333333333333,6.333333333333333,6.438888888888888
2023-12-22 07:30:00,7.236923076923077,7.6730769230769225,7.746153846153845,7.746153846153845
2023-12-22 07:45:00,7.616,7.8533333333333335,7.8533333333333335,7.8533333333333335
2023-12-22 08:00:00,6.656,6.966666666666666,6.966666666666666,6.966666666666666
2023-12-22 08:15:00,7.744,8.233333333333333,8.233333333333333,8.233333333333333
2023-12-22 08:30:00,8.383999999999999,8.866666666666667,8.866666666666667,8.866666666666667
2023-12-22 08:45:00,12.288,12.92,12.983333333333333,12.983333333333333
2023-12-22 09:00:00,9.088000000000001,9.5,9.5,9.5
2023-12-22 09:15:00,6.4,6.5233333333333325,6.5233333333333325,6.5233333333333325
2023-12-22 09:30:00,5.824,5.953333333333333,5.953333333333333,5.953333333333333
2023-12-22 09:45:00,5.568,5.763333333333333,5.826666666666667,5.826666666666667
2023-12-22 10:00:00,4.224,4.433333333333334,4.433333333333334,4.433333333333334
2023-12-22 10:15:00,3.392,3.8,3.8,3.8
2023-12-22 10:30:00,2.88,2.9766666666666666,2.9766666666666666,2.9766666666666666
2023-12-22 10:45:00,3.264,3.6733333333333325,3.6733333333333325,3.6733333333333325
2023-12-22 11:00:00,2.432,2.786666666666666,2.786666666666666,2.786666666666666
2023-12-22 11:15:00,1.92,1.9,1.9,1.9
2023-12-22 11:30:00,1.92,1.9,1.9,1.9
2023-12-22 11:45:00,1.8559999999999994,1.8366666666666662,1.8366666666666662,1.8366666666666662
2023-12-22 12:00:00,1.0879999999999999,1.2033333333333331,1.2033333333333331,1.2033333333333331
2023-12-22 12:15:00,0.96,0.95,0.95,0.95
2023-12-22 12:30:00,0.96,0.95,0.95,0.95
2023-12-22 12:45:00,1.0240000000000002,1.14,1.14,1.14
2023-12-22 13:00:00,1.216,1.4566666666666668,1.4566666666666668,1.4566666666666668
2023-12-22 13:15:00,0.96,0.95,0.95,0.95
2023-12-22 13:30:00,0.96,0.95,0.95,0.95
2023-12-22 13:45:00,0.96,0.95,0.95,0.95
2023-12-22 14:00:00,0.96,0.95,0.95,0.95
2023-12-22 14:15:00,0.96,0.95,0.95,0.95
2023-12-22 14:30:00,0.96,0.95,0.95,0.95
2023-12-22 14:45:00,0.96,0.95,0.95,0.95
2023-12-22 15:00:00,0.96,1.0133333333333334,1.0133333333333334,1.0133333333333334
2023-12-22 15:15:00,0.96,0.95,0.95,0.95
2023-12-22 15:30:00,0.96,1.0766666666666667,1.0766666666666667,1.0766666666666667
2023-12-22 15:45:00,1.216,1.5833333333333333,1.5833333333333333,1.5833333333333333
2023-12-22 16:00:00,1.664,1.9,1.9,1.9
2023-12-22 16:15:00,1.92,1.9,1.9,1.9
2023-12-22 16:30:00,1.92,1.9,1.9,1.9
2023-12-22 16:45:00,1.92,2.0266666666666664,2.0266666666666664,2.0266666666666664
2023-12-22 17:00:00,2.1759999999999997,2.4066666666666663,2.533333333333333,2.5966666666666667
2023-12-22 17:15:00,1.9840000000000002,2.3433333333333333,2.3433333333333333,2.3433333333333333
2023-12-22 17:30:00,1.92,2.28,2.28,2.28
2023-12-22 17:45:00,1.9840000000000002,2.09,2.09,2.09
2023-12-22 18:00:00,1.92,2.0266666666666664,2.0266666666666664,2.0266666666666664
2023-12-22 18:15:00,1.9840000000000002,1.9633333333333334,1.9633333333333334,1.9633333333333334
2023-12-22 18:30:00,1.92,1.9,1.9,1.9
2023-12-22 18:45:00,1.92,2.1533333333333333,2.1533333333333333,2.2166666666666663
2023-12-22 19:00:00,1.92,1.9633333333333334,1.9633333333333334,1.9633333333333334
2023-12-22 19:15:00,1.92,1.9633333333333334,1.9633333333333334,1.9633333333333334
2023-12-22 19:30:00,1.92,1.9,1.9,1.9
2023-12-22 19:45:00,1.92,1.9,1.9,1.9
2023-12-22 20:00:00,1.92,1.9,1.9,1.9
2023-12-22 20:15:00,1.92,1.9,1.9,1.9
2023-12-22 20:30:00,1.92,1.9,1.9,1.9
2023-12-22 20:45:00,1.92,1.9,1.9,1.9
2023-12-22 21:00:00,1.92,1.9,1.9,1.9
2023-12-22 21:15:00,1.92,1.9,1.9,1.9
2023-12-22 21:30:00,1.792,1.9,1.9,1.9
2023-12-22 21:45:00,1.792,1.9,1.9,1.9
2023-12-22 22:00:00,1.8559999999999994,1.9,1.9,1.9
2023-12-22 22:15:00,1.3439999999999999,1.5833333333333333,1.6466666666666667,1.71
2023-12-22 22:30:00,1.2799999999999998,1.6466666666666667,1.6466666666666667,1.6466666666666667
2023-12-22 22:45:00,1.152,1.3299999999999998,1.3299999999999998,1.3299999999999998
2023-12-22 23:00:00,1.0240000000000002,1.0766666666666667,1.0766666666666667,1.0766666666666667
2023-12-22 23:15:00,1.0240000000000002,1.0133333333333334,1.0766666666666667,1.0766666666666667
2023-12-22 23:30:00,0.96,0.95,0.95,0.95
2023-12-22 23:45:00,0.96,0.95,0.95,0.95
2023-12-23 00:00:00,0.96,0.95,0.95,0.95
2023-12-23 00:15:00,0.96,0.95,0.95,0.95
2023-12-23 00:30:00,0.96,0.95,0.95,0.95
2023-12-23 00:45:00,0.96,0.95,0.95,0.95
2023-12-23 01:00:00,0.96,0.95,0.95,0.95
2023-12-23 01:15:00,0.96,0.95,0.95,1.0133333333333334
2023-12-23 01:30:00,0.96,1.0133333333333334,1.0133333333333334,1.0133333333333334
2023-12-23 01:45:00,0.96,0.95,1.0133333333333334,1.0133333333333334
2023-12-23 02:00:00,1.0240000000000002,1.2666666666666666,1.2666666666666666,1.2666666666666666
2023-12-23 02:15:00,0.96,0.95,0.95,0.95
2023-12-23 02:30:00,0.96,0.95,0.95,0.95
2023-12-23 02:45:00,0.96,0.95,0.95,0.95
2023-12-23 03:00:00,0.96,0.95,0.95,0.95
2023-12-23 03:15:00,0.96,0.95,0.95,0.95
2023-12-23 03:30:00,0.96,0.95,0.95,0.95
2023-12-23 03:45:00,0.96,0.95,0.95,0.95
2023-12-23 04:00:00,0.96,0.95,0.95,0.95
2023-12-23 04:15:00,0.96,0.95,0.95,0.95
2023-12-23 04:30:00,1.536,1.7733333333333332,1.7733333333333332,1.7733333333333332
2023-12-23 04:45:00,1.92,1.9,1.9,1.9
2023-12-23 05:00:00,1.92,1.9,1.9,1.9633333333333334
2023-12-23 05:15:00,1.9840000000000002,2.4699999999999998,2.4699999999999998,2.4699999999999998
2023-12-23 05:30:00,2.112,2.533333333333333,2.533333333333333,2.533333333333333
2023-12-23 05:45:00,2.048,2.3433333333333333,2.3433333333333333,2.4066666666666663
2023-12-23 06:00:00,1.9840000000000002,2.2166666666666663,2.2166666666666663,2.3433333333333333
2023-12-23 06:15:00,1.92,1.9,1.9,1.9
2023-12-23 06:30:00,1.92,1.9,1.9,1.9
2023-12-23 06:45:00,1.92,1.9,1.9,1.9
2023-12-23 07:00:00,1.92,1.9,1.9,1.9
2023-12-23 07:15:00,1.92,1.9,1.9,1.9
2023-12-23 07:30:00,1.92,1.9,1.9,1.9
2023-12-23 07:45:00,1.92,1.9,1.9,1.9
2023-12-23 08:00:00,1.92,1.9,1.9,1.9
2023-12-23 08:15:00,1.92,1.9,1.9,1.9
2023-12-23 08:30:00,1.8559999999999994,1.9,1.9,1.9
2023-12-23 08:45:00,1.664,1.7733333333333332,1.7733333333333332,1.7733333333333332
2023-12-23 09:00:00,1.408,1.7733333333333332,1.7733333333333332,1.7733333333333332
2023-12-23 09:15:00,1.152,1.4566666666666668,1.4566666666666668,1.4566666666666668
2023-12-23 09:30:00,1.0879999999999999,1.3299999999999998,1.4566666666666668,1.4566666666666668
2023-12-23 09:45:00,1.0879999999999999,1.4566666666666668,1.4566666666666668,1.4566666666666668
2023-12-23 10:00:00,1.0879999999999999,1.3299999999999998,1.3299999999999998,1.3299999999999998
2023-12-23 10:15:00,1.0879999999999999,1.0766666666666667,1.0766666666666667,1.0766666666666667
2023-12-23 10:30:00,0.96,1.0133333333333334,1.0133333333333334,1.0133333333333334
2023-12-23 10:45:00,0.96,1.0766666666666667,1.0766666666666667,1.0766666666666667
2023-12-23 11:00:00,0.96,0.95,0.95,0.95
2023-12-23 11:15:00,0.96,0.95,0.95,1.0133333333333334
2023-12-23 11:30:00,4.608,4.813333333333333,4.813333333333333,4.813333333333333
2023-12-23 11:45:00,2.1759999999999997,2.28,2.28,2.28
2023-12-23 12:00:00,1.92,2.1533333333333333,2.2166666666666663,2.2166666666666663
2023-12-23 12:15:00,1.0879999999999999,1.2666666666666666,1.3299999999999998,1.4566666666666668
2023-12-23 12:30:00,0.96,1.2033333333333331,1.2666666666666666,1.2666666666666666
2023-12-23 12:45:00,0.96,1.14,1.14,1.14
2023-12-23 13:00:00,0.96,1.0766666666666667,1.0766666666666667,1.0766666666666667
2023-12-23 13:15:00,1.0240000000000002,1.2033333333333331,1.2033333333333331,1.2033333333333331
2023-12-23 13:30:00,1.408,1.6466666666666667,1.6466666666666667,1.71
2023-12-23 13:45:00,1.8559999999999994,1.8366666666666662,1.8366666666666662,1.8366666666666662
2023-12-23 14:00:00,1.92,1.9633333333333334,1.9633333333333334,1.9633333333333334
2023-12-23 14:15:00,2.1759999999999997,2.4066666666666663,2.4699999999999998,2.4699999999999998
2023-12-23 14:30:00,2.6879999999999997,2.8499999999999996,2.8499999999999996,2.8499999999999996
2023-12-23 14:45:00,2.752,2.8499999999999996,2.8499999999999996,2.8499999999999996
2023-12-23 15:00:00,3.1359999999999997,3.23,3.2933333333333334,3.3566666666666665
2023-12-23 15:15:00,3.711999999999999,3.8,3.8,3.8
2023-12-23 15:30:00,3.776,3.8,3.9266666666666667,4.053333333333333
2023-12-23 15:45:00,3.84,4.243333333333333,4.433333333333334,4.56
2023-12-23 16:00:00,4.032,4.369999999999999,4.369999999999999,4.369999999999999
2023-12-23 16:15:00,4.032,4.56,4.6866666666666665,4.6866666666666665
2023-12-23 16:30:00,4.224,4.75,4.75,4.75
2023-12-23 16:45:00,4.736,4.813333333333333,4.813333333333333,4.813333333333333
2023-12-23 17:00:00,4.864,5.066666666666666,5.066666666666666,5.13
2023-12-23 17:15:00,5.3759999999999994,5.89,6.016666666666666,6.08
2023-12-23 17:30:00,6.208,6.5233333333333325,6.5233333333333325,6.586666666666667
2023-12-23 17:45:00,6.144,6.6499999999999995,6.6499999999999995,6.6499999999999995
2023-12-23 18:00:00,6.271999999999999,6.5233333333333325,6.713333333333333,6.713333333333333
2023-12-23 18:15:00,6.208,6.586666666666667,6.586666666666667,6.6499999999999995
2023-12-23 18:30:00,5.824,6.08,6.333333333333333,6.3966666666666665
2023-12-23 18:45:00,5.76,5.89,5.89,5.953333333333333
2023-12-23 19:00:00,5.632,5.699999999999999,5.826666666666667,5.89
2023-12-23 19:15:00,5.632,5.763333333333333,5.826666666666667,5.89
2023-12-23 19:30:00,5.696,5.89,5.89,5.953333333333333
2023-12-23 19:45:00,5.44,5.763333333333333,5.763333333333333,5.763333333333333
2023-12-23 20:00:00,5.632,5.699999999999999,5.699999999999999,5.699999999999999
2023-12-23 20:15:00,5.504,5.763333333333333,5.826666666666667,5.826666666666667
2023-12-23 20:30:00,5.44,5.636666666666667,5.699999999999999,5.699999999999999
2023-12-23 20:45:00,4.8,5.13,5.383333333333334,5.383333333333334
2023-12-23 21:00:00,4.8,5.13,5.193333333333333,5.319999999999999
2023-12-23 21:15:00,4.736,4.75,4.813333333333333,4.813333333333333
2023-12-23 21:30:00,4.672,4.75,4.75,4.75
2023-12-23 21:45:00,4.351999999999999,4.6866666666666665,4.75,4.75
2023-12-23 22:00:00,3.9039999999999995,4.18,4.433333333333334,4.56
2023-12-23 22:15:00,3.84,3.8,3.863333333333333,3.9266666666666667
2023-12-23 22:30:00,3.711999999999999,3.8,3.8,3.8
2023-12-23 22:45:00,3.456,3.483333333333333,3.483333333333333,3.483333333333333
2023-12-23 23:00:00,2.88,2.9766666666666666,3.166666666666666,3.166666666666666
2023-12-23 23:15:00,2.88,2.8499999999999996,2.8499999999999996,2.8499999999999996
2023-12-23 23:30:00,2.88,2.8499999999999996,2.8499999999999996,2.8499999999999996
2023-12-23 23:45:00,2.816,2.8499999999999996,2.8499999999999996,2.8499999999999996
2023-12-24 00:00:00,2.816,2.8499999999999996,2.8499999999999996,2.8499999999999996
2023-12-24 00:15:00,2.496,2.8499999999999996,2.8499999999999996,2.8499999999999996
2023-12-24 00:30:00,1.9840000000000002,2.4066666666666663,2.4066666666666663,2.4699999999999998
2023-12-24 00:45:00,2.048,2.4066666666666663,2.533333333333333,2.5966666666666667
2023-12-24 01:00:00,1.9840000000000002,2.4066666666666663,2.4066666666666663,2.4699999999999998
2023-12-24 01:15:00,2.048,2.28,2.28,2.3433333333333333
2023-12-24 01:30:00,2.048,2.28,2.4699999999999998,2.4699999999999998
2023-12-24 01:45:00,1.9840000000000002,2.4066666666666663,2.4066666666666663,2.4066666666666663
2023-12-24 02:00:00,2.112,2.5966666666666667,2.5966666666666667,2.6599999999999997
2023-12-24 02:15:00,2.432,2.723333333333333,2.8499999999999996,2.8499999999999996
2023-12-24 02:30:00,2.6879999999999997,2.786666666666666,2.786666666666666,2.786666666666666
2023-12-24 02:45:00,2.5599999999999996,2.723333333333333,2.8499999999999996,2.8499999999999996
2023-12-24 03:00:00,2.2399999999999998,2.723333333333333,2.723333333333333,2.723333333333333
2023-12-24 03:15:00,2.624,2.786666666666666,2.786666666666666,2.786666666666666
2023-12-24 03:30:00,2.432,2.786666666666666,2.786666666666666,2.786666666666666
2023-12-24 03:45:00,2.752,2.8499999999999996,2.8499999999999996,2.8499999999999996
2023-12-24 04:00:00,2.88,2.8499999999999996,2.8499999999999996,2.8499999999999996
2023-12-24 04:15:00,2.88,2.8499999999999996,2.8499999999999996,2.8499999999999996
2023-12-24 04:30:00,2.88,2.8499999999999996,2.9133333333333336,2.9133333333333336
2023-12-24 04:45:00,3.072,3.546666666666666,3.546666666666666,3.546666666666666
2023-12-24 05:00:00,3.84,3.8,3.8,3.8
2023-12-24 05:15:00,3.9680000000000004,4.243333333333333,4.369999999999999,4.433333333333334
2023-12-24 05:30:00,4.032,4.496666666666666,4.496666666666666,4.56
2023-12-24 05:45:00,4.096,4.623333333333333,4.623333333333333,4.623333333333333
2023-12-24 06:00:00,3.9680000000000004,4.369999999999999,4.56,4.56
2023-12-24 06:15:00,3.9680000000000004,4.56,4.56,4.56
2023-12-24 06:30:00,4.032,4.623333333333333,4.623333333333333,4.623333333333333
2023-12-24 06:45:00,4.288,4.623333333333333,4.623333333333333,4.623333333333333
2023-12-24 07:00:00,4.544,4.75,4.75,4.75
2023-12-24 07:15:00,4.544,4.6866666666666665,4.75,4.75
2023-12-24 07:30:00,4.8,4.876666666666667,4.876666666666667,4.876666666666667
2023-12-24 07:45:00,4.8,4.75,4.813333333333333,4.876666666666667
2023-12-24 08:00:00,4.736,4.876666666666667,4.9399999999999995,4.9399999999999995
2023-12-24 08:15:00,4.672,4.6866666666666665,4.6866666666666665,4.6866666666666665
2023-12-24 08:30:00,4.608,4.75,4.75,4.75
2023-12-24 08:45:00,4.224,4.75,4.75,4.75
2023-12-24 09:00:00,4.48,4.6866666666666665,4.6866666666666665,4.6866666666666665
2023-12-24 09:15:00,4.544,4.6866666666666665,4.75,4.75
2023-12-24 09:30:00,4.8,4.813333333333333,5.066666666666666,5.13
2023-12-24 09:45:00,5.056,5.636666666666667,5.636666666666667,5.636666666666667
2023-12-24 10:00:00,5.3759999999999994,5.699999999999999,5.763333333333333,5.826666666666667
2023-12-24 10:15:00,5.696,6.27,6.333333333333333,6.3966666666666665
2023-12-24 10:30:00,5.952,6.586666666666667,6.586666666666667,6.586666666666667
2023-12-24 10:45:00,6.656,6.903333333333333,6.903333333333333,7.03
2023-12-24 11:00:00,6.4639999999999995,6.776666666666666,6.776666666666666,6.903333333333333
2023-12-24 11:15:00,6.271999999999999,6.6499999999999995,6.6499999999999995,6.6499999999999995
2023-12-24 11:30:00,6.271999999999999,6.586666666666667,6.586666666666667,6.586666666666667
2023-12-24 11:45:00,5.76,6.1433333333333335,6.27,6.27
2023-12-24 12:00:00,5.76,5.89,5.89,5.89
2023-12-24 12:15:00,5.568,5.763333333333333,5.763333333333333,5.763333333333333
2023-12-24 12:30:00,4.992,5.573333333333332,5.636666666666667,5.636666666666667
2023-12-24 12:45:00,4.8,5.256666666666666,5.446666666666666,5.446666666666666
2023-12-24 13:00:00,4.8,4.9399999999999995,4.9399999999999995,5.003333333333333
2023-12-24 13:15:00,4.48,4.75,4.813333333333333,4.813333333333333
2023-12-24 13:30:00,4.159999999999999,4.623333333333333,4.6866666666666665,4.6866666666666665
2023-12-24 13:45:00,3.9039999999999995,4.116666666666666,4.116666666666666,4.116666666666666
2023-12-24 14:00:00,3.9039999999999995,4.053333333333333,4.053333333333333,4.053333333333333
2023-12-24 14:15:00,3.84,4.116666666666666,4.116666666666666,4.116666666666666
2023-12-24 14:30:00,3.84,3.863333333333333,3.863333333333333,3.863333333333333
2023-12-24 14:45:00,3.84,3.863333333333333,3.863333333333333,3.863333333333333
2023-12-24 15:00:00,3.84,4.053333333333333,4.053333333333333,4.116666666666666
2023-12-24 15:15:00,3.84,4.116666666666666,4.18,4.18
2023-12-24 15:30:00,3.84,3.8,3.863333333333333,3.863333333333333
2023-12-24 15:45:00,3.84,3.8,3.8,3.8
2023-12-24 16:00:00,3.84,3.863333333333333,3.863333333333333,3.863333333333333
2023-12-24 16:15:00,3.776,3.8,3.8,3.8
2023-12-24 16:30:00,3.6479999999999997,3.8,3.8,3.8
2023-12-24 16:45:00,3.392,3.8,3.8,3.8
2023-12-24 17:00:00,3.072,3.2933333333333334,3.3566666666666665,3.3566666666666665
2023-12-24 17:15:00,3.008,3.42,3.42,3.42
2023-12-24 17:30:00,2.88,2.9766666666666666,3.103333333333333,3.166666666666666
2023-12-24 17:45:00,2.88,2.8499999999999996,2.8499999999999996,2.8499999999999996
2023-12-24 18:00:00,2.88,2.8499999999999996,2.8499999999999996,2.8499999999999996
2023-12-24 18:15:00,2.88,2.8499999999999996,2.8499999999999996,2.8499999999999996
2023-12-24 18:30:00,2.88,2.8499999999999996,2.8499999999999996,2.8499999999999996
2023-12-24 18:45:00,2.88,2.8499999999999996,2.8499999999999996,2.8499999999999996
2023-12-24 19:00:00,2.624,2.723333333333333,2.723333333333333,2.723333333333333
2023-12-24 19:15:00,2.816,2.8499999999999996,2.8499999999999996,2.8499999999999996
2023-12-24 19:30:00,2.816,2.8499999999999996,2.8499999999999996,2.8499999999999996
2023-12-24 19:45:00,2.88,2.8499999999999996,2.8499999999999996,2.8499999999999996
2023-12-24 20:00:00,2.88,2.8499999999999996,2.8499999999999996,2.8499999999999996
2023-12-24 20:15:00,2.88,2.8499999999999996,2.8499999999999996,2.8499999999999996
2023-12-24 20:30:00,2.88,2.8499999999999996,2.8499999999999996,2.8499999999999996
2023-12-24 20:45:00,2.88,2.8499999999999996,2.8499999999999996,2.8499999999999996
2023-12-24 21:00:00,2.88,2.8499999999999996,2.8499999999999996,2.8499999999999996
2023-12-24 21:15:00,2.88,2.8499999999999996,2.8499999999999996,2.8499999999999996
2023-12-24 21:30:00,2.88,2.8499999999999996,2.8499999999999996,2.9133333333333336
2023-12-24 21:45:00,2.88,2.9766666666666666,2.9766666666666666,2.9766666666666666
2023-12-24 22:00:00,2.88,3.103333333333333,3.103333333333333,3.103333333333333
2023-12-24 22:15:00,2.88,3.103333333333333,3.103333333333333,3.103333333333333
2023-12-24 22:30:00,2.944,2.9766666666666666,2.9766666666666666,2.9766666666666666
2023-12-24 22:45:00,2.88,3.04,3.04,3.04
2023-12-24 23:00:00,2.88,2.8499999999999996,2.8499999999999996,2.8499999999999996
2023-12-24 23:15:00,2.88,2.9133333333333336,2.9133333333333336,2.9133333333333336
2023-12-24 23:30:00,2.88,2.8499999999999996,2.8499999999999996,2.8499999999999996
2023-12-24 23:45:00,2.88,2.8499999999999996,2.8499999999999996,2.8499999999999996
2023-12-25 00:00:00,2.88,2.9133333333333336,2.9133333333333336,2.9133333333333336
2023-12-25 00:15:00,2.88,2.8499999999999996,2.8499999999999996,2.8499999999999996
2023-12-25 00:30:00,2.88,2.8499999999999996,2.8499999999999996,2.8499999999999996
2023-12-25 00:45:00,2.88,3.04,3.04,3.103333333333333
2023-12-25 01:00:00,2.88,2.9766666666666666,3.04,3.103333333333333
2023-12-25 01:15:00,2.88,3.04,3.04,3.04
2023-12-25 01:30:00,2.88,3.04,3.23,3.3566666666666665
2023-12-25 01:45:00,2.88,3.483333333333333,3.546666666666666,3.61
2023-12-25 02:00:00,4.288,4.876666666666667,5.003333333333333,5.13
2023-12-25 02:15:00,7.4879999999999995,8.36,8.993333333333334,9.183333333333332
2023-12-25 02:30:00,6.656,7.6,8.106666666666666,8.549999999999999
2023-12-25 02:45:00,6.016,7.093333333333333,7.663333333333333,7.8533333333333335
2023-12-25 03:00:00,5.76,7.093333333333333,7.726666666666666,8.106666666666666
2023-12-25 03:15:00,5.76,6.84,7.473333333333333,7.789999999999999
2023-12-25 03:30:00,5.824,6.776666666666666,7.536666666666666,7.663333333333333
2023-12-25 03:45:00,6.079999999999999,7.156666666666666,7.6,8.106666666666666
2023-12-25 04:00:00,6.335999999999999,7.473333333333333,8.36,8.676666666666666
2023-12-25 04:15:00,6.4,7.536666666666666,8.106666666666666,8.423333333333334
2023-12-25 04:30:00,6.335999999999999,7.409999999999999,8.17,8.36
2023-12-25 04:45:00,6.271999999999999,7.536666666666666,8.17,8.613333333333333
2023-12-25 05:00:00,6.528,7.663333333333333,8.423333333333334,8.866666666666667
2023-12-25 05:15:00,6.592,7.8533333333333335,8.613333333333333,8.93
2023-12-25 05:30:00,6.784,8.36,9.12,9.563333333333333
2023-12-25 05:45:00,7.104,8.423333333333334,9.246666666666666,9.563333333333333
2023-12-25 06:00:00,6.976,8.106666666666666,8.866666666666667,9.246666666666666
2023-12-25 06:15:00,6.72,8.043333333333333,8.676666666666666,9.183333333333332
2023-12-25 06:30:00,6.4,7.789999999999999,8.233333333333333,8.676666666666666
2023-12-25 06:45:00,5.952,7.473333333333333,8.106666666666666,8.486666666666666
2023-12-25 07:00:00,6.335999999999999,7.536666666666666,8.17,8.739999999999998
2023-12-25 07:15:00,6.848,8.36,9.12,9.563333333333333
2023-12-25 07:30:00,6.848,8.486666666666666,9.056666666666665,9.69
2023-12-25 07:45:00,7.36,8.676666666666666,9.626666666666665,10.26
2023-12-25 08:00:00,8.319999999999999,9.69,10.639999999999999,11.02
2023-12-25 08:15:00,10.623999999999999,11.843333333333334,12.793333333333335,13.11
2023-12-25 08:30:00,11.264,12.666666666666666,13.426666666666666,13.743333333333334
2023-12-25 08:45:00,9.28,10.956666666666665,11.906666666666665,12.54
2023-12-25 09:00:00,8.297142857142857,10.382142857142856,11.67142857142857,12.417857142857143
2023-12-25 09:15:00,9.088000000000001,11.083333333333332,12.16,12.793333333333335
2023-12-25 09:30:00,9.984,11.78,12.92,13.299999999999999
2023-12-25 09:45:00,11.2,13.173333333333334,14.186666666666666,14.946666666666665
2023-12-25 10:00:00,9.984,12.35,13.553333333333333,14.376666666666665
2023-12-25 10:15:00,9.472,12.033333333333331,13.743333333333334,14.629999999999999
2023-12-25 10:30:00,9.024,11.969999999999999,14.06,15.073333333333332
2023-12-25 10:45:00,8.896,12.286666666666667,14.503333333333334,15.770000000000001
2023-12-25 11:00:00,8.703999999999999,11.969999999999999,14.186666666666666,15.579999999999998
2023-12-25 11:15:00,7.871999999999999,10.83,12.983333333333333,14.06
2023-12-25 11:30:00,7.807999999999999,10.639999999999999,12.54,13.553333333333333
2023-12-25 11:45:00,7.616,10.133333333333333,11.969999999999999,12.856666666666664
2023-12-25 12:00:00,7.552,9.753333333333334,11.399999999999999,12.223333333333333
2023-12-25 12:15:00,7.616,9.626666666666665,11.02,11.653333333333334
2023-12-25 12:30:00,7.039999999999999,9.056666666666665,10.26,10.956666666666665
2023-12-25 12:45:00,6.335999999999999,7.789999999999999,8.486666666666666,8.993333333333334
2023-12-25 13:00:00,5.632,6.6499999999999995,7.346666666666667,7.726666666666666
2023-12-25 13:15:00,3.9680000000000004,4.876666666666667,5.573333333333332,5.763333333333333
2023-12-25 13:30:00,3.392,3.9899999999999998,4.75,4.813333333333333
2023-12-25 13:45:00,2.88,3.483333333333333,3.8,3.9899999999999998
2023-12-25 14:00:00,2.88,3.6733333333333325,3.9899999999999998,4.496666666666666
2023-12-25 14:15:00,2.88,3.6733333333333325,3.9899999999999998,4.243333333333333
2023-12-25 14:30:00,2.88,3.7366666666666664,3.9266666666666667,4.306666666666667
2023-12-25 14:45:00,2.88,3.7366666666666664,3.9899999999999998,4.243333333333333
2023-12-25 15:00:00,2.88,3.7366666666666664,3.863333333333333,3.9899999999999998
2023-12-25 15:15:00,3.008,3.7366666666666664,3.9899999999999998,4.18
2023-12-25 15:30:00,2.944,3.7366666666666664,3.863333333333333,4.053333333333333
2023-12-25 15:45:00,3.072,3.8,4.116666666666666,4.369999999999999
2023-12-25 16:00:00,3.328,4.053333333333333,4.56,4.75
2023-12-25 16:15:00,3.1999999999999997,3.8,4.18,4.433333333333334
2023-12-25 16:30:00,2.944,3.8,3.863333333333333,4.116666666666666
2023-12-25 16:45:00,3.456,3.863333333333333,4.306666666666667,4.496666666666666
2023-12-25 17:00:00,3.1999999999999997,3.863333333333333,3.9899999999999998,4.18
2023-12-25 17:15:00,3.5839999999999996,4.053333333333333,4.496666666666666,4.75
2023-12-25 17:30:00,3.392,3.8,3.9266666666666667,4.243333333333333
2023-12-25 17:45:00,3.5199999999999996,3.8,4.18,4.306666666666667
2023-12-25 18:00:00,3.5839999999999996,3.9266666666666667,4.369999999999999,4.496666666666666
2023-12-25 18:15:00,3.328,3.8,4.116666666666666,4.306666666666667
2023-12-25 18:30:00,2.88,3.7366666666666664,3.8,3.8
2023-12-25 18:45:00,2.88,3.2933333333333334,3.42,3.7366666666666664
2023-12-25 19:00:00,2.88,2.9766666666666666,2.9766666666666666,3.103333333333333
2023-12-25 19:15:00,2.88,2.8499999999999996,3.04,3.166666666666666
2023-12-25 19:30:00,2.5599999999999996,2.8499999999999996,2.8499999999999996,2.8499999999999996
2023-12-25 19:45:00,2.304,2.723333333333333,2.786666666666666,2.786666666666666
2023-12-25 20:00:00,2.304,2.8499999999999996,2.8499999999999996,2.8499999999999996
2023-12-25 20:15:00,1.92,2.6599999999999997,2.786666666666666,2.8499999999999996
2023-12-25 20:30:00,1.92,2.4066666666666663,2.4699999999999998,2.5966666666666667
2023-12-25 20:45:00,1.9840000000000002,2.1533333333333333,2.2166666666666663,2.28
2023-12-25 21:00:00,1.92,2.1533333333333333,2.3433333333333333,2.4066666666666663
2023-12-25 21:15:00,1.92,2.1533333333333333,2.2166666666666663,2.2166666666666663
2023-12-25 21:30:00,1.92,2.09,2.1533333333333333,2.2166666666666663
2023-12-25 21:45:00,1.92,1.9633333333333334,1.9633333333333334,2.0266666666666664
2023-12-25 22:00:00,1.92,1.9633333333333334,1.9633333333333334,1.9633333333333334
2023-12-25 22:15:00,1.92,2.0266666666666664,2.09,2.09
2023-12-25 22:30:00,1.92,1.9,1.9633333333333334,1.9633333333333334
2023-12-25 22:45:00,1.92,1.9,1.9,1.9
2023-12-25 23:00:00,1.92,1.9633333333333334,2.0266666666666664,2.0266666666666664
2023-12-25 23:15:00,1.92,1.9,1.9,1.9
2023-12-25 23:30:00,1.92,1.9633333333333334,2.09,2.09
2023-12-25 23:45:00,2.048,2.09,2.2166666666666663,2.2166666666666663
2023-12-26 00:00:00,1.92,2.09,2.2166666666666663,2.2166666666666663
2023-12-26 00:15:00,1.92,2.0266666666666664,2.0266666666666664,2.2166666666666663
2023-12-26 00:30:00,1.92,1.9,1.9,1.9
2023-12-26 00:45:00,1.92,1.9,1.9,1.9
2023-12-26 01:00:00,1.92,1.9,1.9,1.9
2023-12-26 01:15:00,1.792,1.9,1.9,1.9
2023-12-26 01:30:00,1.408,1.7733333333333332,1.8366666666666662,1.8366666666666662
2023-12-26 01:45:00,1.0879999999999999,1.2033333333333331,1.2666666666666666,1.2666666666666666
2023-12-26 02:00:00,1.664,2.2166666666666663,2.5966666666666667,2.8499999999999996
2023-12-26 02:15:00,2.304,4.6866666666666665,6.586666666666667,7.536666666666666
2023-12-26 02:30:00,1.2799999999999998,2.1533333333333333,2.533333333333333,2.786666666666666
2023-12-26 02:45:00,0.96,1.0766666666666667,1.0766666666666667,1.14
2023-12-26 03:00:00,0.96,0.95,0.95,0.95
2023-12-26 03:15:00,0.96,0.95,0.95,0.95
2023-12-26 03:30:00,0.96,0.95,0.95,0.95
2023-12-26 03:45:00,0.96,0.95,0.95,0.95
2023-12-26 04:00:00,1.0240000000000002,1.2666666666666666,1.2666666666666666,1.2666666666666666
2023-12-26 04:15:00,1.3439999999999999,1.5833333333333333,1.5833333333333333,1.5833333333333333
2023-12-26 04:30:00,1.664,1.71,1.71,1.71
2023-12-26 04:45:00,1.8559999999999994,1.9,1.9,1.9
2023-12-26 05:00:00,1.792,1.7733333333333332,1.7733333333333332,1.7733333333333332
2023-12-26 05:15:00,1.792,1.9,1.9,1.9
2023-12-26 05:30:00,1.92,1.9,1.9,1.9
2023-12-26 05:45:00,1.92,1.9,1.9,1.9
2023-12-26 06:00:00,1.92,1.9633333333333334,1.9633333333333334,1.9633333333333334
2023-12-26 06:15:00,1.92,2.1533333333333333,2.1533333333333333,2.1533333333333333
2023-12-26 06:30:00,2.2399999999999998,2.3433333333333333,2.3433333333333333,2.3433333333333333
2023-12-26 06:45:00,10.559999999999999,11.146666666666665,11.146666666666665,11.146666666666665
2023-12-26 07:00:00,5.76,6.08,6.08,6.08
2023-12-26 07:15:00,6.144,6.3966666666666665,6.3966666666666665,6.3966666666666665
2023-12-26 07:30:00,4.608,4.6866666666666665,4.6866666666666665,4.6866666666666665
2023-12-26 07:45:00,3.008,3.04,3.04,3.04
2023-12-26 08:00:00,2.5599999999999996,2.8499999999999996,2.8499999999999996,2.8499999999999996
2023-12-26 08:15:00,1.9840000000000002,2.4066666666666663,2.4066666666666663,2.4066666666666663
2023-12-26 08:30:00,2.496,2.723333333333333,2.723333333333333,2.723333333333333
2023-12-26 08:45:00,2.6879999999999997,2.8499999999999996,2.8499999999999996,2.8499999999999996
2023-12-26 09:00:00,2.816,2.8499999999999996,2.8499999999999996,2.8499999999999996
2023-12-26 09:15:00,2.88,2.8499999999999996,2.8499999999999996,2.8499999999999996
2023-12-26 09:30:00,2.88,2.8499999999999996,2.8499999999999996,2.8499999999999996
2023-12-26 09:45:00,2.88,2.8499999999999996,2.8499999999999996,2.8499999999999996
2023-12-26 10:00:00,2.816,2.8499999999999996,2.8499999999999996,2.8499999999999996
2023-12-26 10:15:00,2.752,2.786666666666666,2.786666666666666,2.786666666666666
2023-12-26 10:30:00,2.816,2.8499999999999996,2.8499999999999996,2.8499999999999996
2023-12-26 10:45:00,2.1759999999999997,2.28,2.28,2.28
2023-12-26 11:00:00,1.92,2.0266666666666664,2.0266666666666664,2.0266666666666664
2023-12-26 11:15:00,1.92,2.1533333333333333,2.1533333333333333,2.1533333333333333
2023-12-26 11:30:00,1.92,1.9,1.9,1.9
2023-12-26 11:45:00,1.92,1.9,1.9,1.9
2023-12-26 12:00:00,1.8559999999999994,1.9,1.9,1.9
2023-12-26 12:15:00,1.8559999999999994,1.9,1.9,1.9
2023-12-26 12:30:00,1.92,1.9,1.9,1.9
2023-12-26 12:45:00,1.92,1.9,1.9,1.9
2023-12-26 13:00:00,1.8559999999999994,1.9,1.9,1.9
2023-12-26 13:15:00,1.3439999999999999,1.4566666666666668,1.4566666666666668,1.4566666666666668
2023-12-26 13:30:00,1.0879999999999999,1.393333333333333,1.393333333333333,1.393333333333333
2023-12-26 13:45:00,1.152,1.3299999999999998,1.3299999999999998,1.3299999999999998
2023-12-26 14:00:00,1.152,1.52,1.52,1.52
2023-12-26 14:15:00,1.664,1.9,1.9,1.9
2023-12-26 14:30:00,1.92,1.9,1.9,1.9
2023-12-26 14:45:00,1.728,1.8366666666666662,1.8366666666666662,1.8366666666666662
2023-12-26 15:00:00,1.8559999999999994,1.9,1.9,1.9
2023-12-26 15:15:00,1.92,1.9,1.9,1.9
2023-12-26 15:30:00,1.792,1.8366666666666662,1.8366666666666662,1.8366666666666662
2023-12-26 15:45:00,1.728,1.9,1.9,1.9
2023-12-26 16:00:00,1.6,1.71,1.71,1.71
2023-12-26 16:15:00,1.216,1.5833333333333333,1.5833333333333333,1.5833333333333333
2023-12-26 16:30:00,1.3439999999999999,1.52,1.52,1.52
2023-12-26 16:45:00,0.96,1.0766666666666667,1.0766666666666667,1.0766666666666667
2023-12-26 17:00:00,1.0240000000000002,1.14,1.14,1.14
2023-12-26 17:15:00,0.96,1.0133333333333334,1.0133333333333334,1.0133333333333334
2023-12-26 17:30:00,0.96,1.0766666666666667,1.0766666666666667,1.0766666666666667
2023-12-26 17:45:00,0.96,0.95,0.95,0.95
2023-12-26 18:00:00,1.0240000000000002,1.0766666666666667,1.0766666666666667,1.0766666666666667
2023-12-26 18:15:00,1.536,1.71,1.71,1.71
2023-12-26 18:30:00,1.664,1.8366666666666662,1.8366666666666662,1.8366666666666662
2023-12-26 18:45:00,1.152,1.393333333333333,1.393333333333333,1.393333333333333
2023-12-26 19:00:00,0.96,1.0766666666666667,1.0766666666666667,1.0766666666666667
2023-12-26 19:15:00,0.96,0.95,0.95,0.95
2023-12-26 19:30:00,0.96,0.95,0.95,0.95
2023-12-26 19:45:00,0.96,0.95,0.95,0.95
2023-12-26 20:00:00,0.96,0.95,0.95,0.95
2023-12-26 20:15:00,0.96,0.95,0.95,0.95
2023-12-26 20:30:00,0.96,1.0133333333333334,1.0133333333333334,1.0133333333333334
2023-12-26 20:45:00,0.96,0.95,0.95,0.95
2023-12-26 21:00:00,1.0240000000000002,1.2033333333333331,1.2033333333333331,1.2033333333333331
2023-12-26 21:15:00,1.216,1.52,1.52,1.52
2023-12-26 21:30:00,1.152,1.52,1.52,1.52
2023-12-26 21:45:00,1.664,1.8366666666666662,1.8366666666666662,1.8366666666666662
2023-12-26 22:00:00,1.664,1.9,1.9,1.9
2023-12-26 22:15:00,1.792,1.8366666666666662,1.8366666666666662,1.8366666666666662
2023-12-26 22:30:00,1.536,1.71,1.71,1.71
2023-12-26 22:45:00,1.728,1.7733333333333332,1.7733333333333332,1.7733333333333332
2023-12-26 23:00:00,1.664,1.8366666666666662,1.8366666666666662,1.8366666666666662
2023-12-26 23:15:00,1.6,1.9,1.9,1.9
2023-12-26 23:30:00,1.408,1.6466666666666667,1.6466666666666667,1.6466666666666667
2023-12-26 23:45:00,1.472,1.8366666666666662,1.8366666666666662,1.8366666666666662
2023-12-27 00:00:00,1.6,1.8366666666666662,1.8366666666666662,1.8366666666666662
2023-12-27 00:15:00,1.536,1.7733333333333332,1.7733333333333332,1.7733333333333332
2023-12-27 00:30:00,1.8559999999999994,1.9,1.9,1.9
2023-12-27 00:45:00,1.92,1.9,1.9,1.9
2023-12-27 01:00:00,1.92,1.9,1.9,1.9
2023-12-27 01:15:00,1.92,1.9,1.9,1.9
2023-12-27 01:30:00,1.728,1.7733333333333332,1.7733333333333332,1.7733333333333332
2023-12-27 01:45:00,1.6,1.71,1.71,1.71
2023-12-27 02:00:00,1.664,1.9,1.9,1.9
2023-12-27 02:15:00,1.6,1.8366666666666662,1.8366666666666662,1.8366666666666662
2023-12-27 02:30:00,1.408,1.5833333333333333,1.5833333333333333,1.5833333333333333
2023-12-27 02:45:00,0.96,1.0133333333333334,1.0133333333333334,1.0133333333333334
2023-12-27 03:00:00,0.96,0.95,0.95,0.95
2023-12-27 03:15:00,0.96,1.0133333333333334,1.0133333333333334,1.0133333333333334
2023-12-27 03:30:00,1.216,1.52,1.52,1.52
2023-12-27 03:45:00,1.0879999999999999,1.5833333333333333,1.5833333333333333,1.5833333333333333
2023-12-27 04:00:00,1.664,1.8366666666666662,1.8366666666666662,1.8366666666666662
2023-12-27 04:15:00,1.792,1.9,1.9,1.9
2023-12-27 04:30:00,1.0240000000000002,1.2666666666666666,1.2666666666666666,1.2666666666666666
2023-12-27 04:45:00,0.96,0.95,0.95,0.95
2023-12-27 05:00:00,0.96,0.95,0.95,0.95
2023-12-27 05:15:00,1.0879999999999999,1.52,1.52,1.52
2023-12-27 05:30:00,1.6,1.8366666666666662,1.8366666666666662,1.8366666666666662
2023-12-27 05:45:00,1.92,1.9,1.9,1.9
2023-12-27 06:00:00,1.92,1.9,1.9,1.9
2023-12-27 06:15:00,1.92,1.9,1.9,1.9
2023-12-27 06:30:00,1.92,1.9,1.9,1.9
2023-12-27 06:45:00,1.2799999999999998,1.393333333333333,1.393333333333333,1.393333333333333
2023-12-27 07:00:00,0.96,0.95,0.95,0.95
2023-12-27 07:15:00,0.96,0.95,0.95,0.95
2023-12-27 07:30:00,0.96,0.95,0.95,0.95
2023-12-27 07:45:00,0.96,0.95,0.95,0.95
2023-12-27 08:00:00,0.96,0.95,0.95,0.95
2023-12-27 08:15:00,0.96,0.95,0.95,0.95
2023-12-27 08:30:00,0.96,0.95,0.95,0.95
2023-12-27 08:45:00,0.96,0.95,0.95,0.95
2023-12-27 09:00:00,2.496,2.533333333333333,2.533333333333333,2.533333333333333
2023-12-27 09:15:00,2.88,2.9766666666666666,2.9766666666666666,2.9766666666666666
2023-12-27 09:30:00,1.664,1.8366666666666662,1.8366666666666662,1.8366666666666662
2023-12-27 09:45:00,1.536,1.8366666666666662,1.8366666666666662,1.8366666666666662
2023-12-27 10:00:00,9.151999999999997,9.943333333333335,10.386666666666667,10.513333333333332
2023-12-27 10:15:00,2.1759999999999997,2.1533333333333333,2.2166666666666663,2.28
2023-12-27 10:30:00,1.152,1.2033333333333331,1.2033333333333331,1.2033333333333331
2023-12-27 10:45:00,0.96,0.95,0.95,0.95
2023-12-27 11:00:00,0.96,0.95,0.95,0.95
2023-12-27 11:15:00,0.832,0.8233333333333334,0.8233333333333334,0.8233333333333334
2023-12-27 11:30:00,0.704,0.8233333333333334,0.8233333333333334,0.8233333333333334
2023-12-27 11:45:00,0.192,0.31666666666666665,0.31666666666666665,0.31666666666666665
2023-12-27 12:00:00,0.0,0.12666666666666662,0.12666666666666662,0.12666666666666662
2023-12-27 12:15:00,0.06399999999999993,0.12666666666666662,0.12666666666666662,0.12666666666666662
2023-12-27 12:30:00,0.0,0.06333333333333327,0.06333333333333327,0.06333333333333327
2023-12-27 12:45:00,0.0,0.0,0.0,0.0
2023-12-27 13:00:00,0.13714285714285707,0.20357142857142846,0.20357142857142846,0.20357142857142846
2023-12-27 13:15:00,0.0,0.0,0.0,0.0
2023-12-27 13:30:00,0.06399999999999993,0.12666666666666662,0.12666666666666662,0.12666666666666662
2023-12-27 13:45:00,0.512,0.6966666666666665,0.6966666666666665,0.6966666666666665
2023-12-27 14:00:00,0.96,0.95,0.95,0.95
2023-12-27 14:15:00,0.96,0.95,0.95,0.95
2023-12-27 14:30:00,0.96,0.95,0.95,0.95
2023-12-27 14:45:00,0.96,0.95,0.95,0.95
2023-12-27 15:00:00,0.832,0.8233333333333334,0.8233333333333334,0.8233333333333334
2023-12-27 15:15:00,0.576,0.76,0.76,0.76
2023-12-27 15:30:00,0.704,0.8233333333333334,0.8233333333333334,0.8233333333333334
2023-12-27 15:45:00,0.576,0.6966666666666665,0.6966666666666665,0.6966666666666665
2023-12-27 16:00:00,0.6399999999999999,0.8233333333333334,0.8233333333333334,0.8233333333333334
2023-12-27 16:15:00,0.448,0.57,0.57,0.57
2023-12-27 16:30:00,0.384,0.5066666666666666,0.5066666666666666,0.5066666666666666
2023-12-27 16:45:00,0.12799999999999997,0.38,0.38,0.38
2023-12-27 17:00:00,0.06399999999999993,0.06333333333333327,0.06333333333333327,0.06333333333333327
2023-12-27 17:15:00,0.0,0.06333333333333327,0.06333333333333327,0.06333333333333327
2023-12-27 17:30:00,0.0,0.06333333333333327,0.06333333333333327,0.06333333333333327
2023-12-27 17:45:00,0.0,0.0,0.0,0.0
2023-12-27 18:00:00,0.06399999999999993,0.06333333333333327,0.06333333333333327,0.06333333333333327
2023-12-27 18:15:00,0.06399999999999993,0.25333333333333324,0.25333333333333324,0.25333333333333324
2023-12-27 18:30:00,0.06399999999999993,0.12666666666666662,0.12666666666666662,0.12666666666666662
2023-12-27 18:45:00,0.12799999999999997,0.19,0.19,0.19
2023-12-27 19:00:00,0.06399999999999993,0.25333333333333324,0.25333333333333324,0.25333333333333324
2023-12-27 19:15:00,0.0,0.06333333333333327,0.06333333333333327,0.06333333333333327
2023-12-27 19:30:00,0.12799999999999997,0.12666666666666662,0.12666666666666662,0.12666666666666662
2023-12-27 19:45:00,0.0,0.0,0.0,0.0
2023-12-27 20:00:00,0.768,0.76,0.76,0.76
2023-12-27 20:15:00,0.96,0.95,0.95,0.95
2023-12-27 20:30:00,0.96,0.95,0.95,0.95
2023-12-27 20:45:00,0.832,0.8866666666666665,0.8866666666666665,0.8866666666666665
2023-12-27 21:00:00,0.704,0.6966666666666665,0.6966666666666665,0.6966666666666665
2023-12-27 21:15:00,0.704,0.8233333333333334,0.8233333333333334,0.8233333333333334
2023-12-27 21:30:00,0.8959999999999999,0.95,0.95,0.95
2023-12-27 21:45:00,0.8959999999999999,0.8866666666666665,0.8866666666666665,0.8866666666666665
2023-12-27 22:00:00,0.96,0.95,0.95,0.95
2023-12-27 22:15:00,0.96,0.95,0.95,0.95
2023-12-27 22:30:00,0.96,0.95,0.95,0.95
2023-12-27 22:45:00,0.8959999999999999,0.95,0.95,0.95
2023-12-27 23:00:00,0.96,0.95,0.95,0.95
2023-12-27 23:15:00,0.8959999999999999,0.8866666666666665,0.8866666666666665,0.8866666666666665
2023-12-27 23:30:00,0.704,0.8233333333333334,0.8233333333333334,0.8233333333333334
2023-12-27 23:45:00,0.31999999999999995,0.6333333333333333,0.6333333333333333,0.6333333333333333
2023-12-28 00:00:00,0.576,0.6333333333333333,0.6333333333333333,0.6333333333333333
2023-12-28 00:15:00,0.25599999999999995,0.4433333333333333,0.4433333333333333,0.4433333333333333
2023-12-28 00:30:00,0.12799999999999997,0.19,0.19,0.19
2023-12-28 00:45:00,0.0,0.12666666666666662,0.12666666666666662,0.12666666666666662
2023-12-28 01:00:00,0.0,0.12666666666666662,0.12666666666666662,0.12666666666666662
2023-12-28 01:15:00,0.0,0.0,0.0,0.0
2023-12-28 01:30:00,0.0,0.0,0.0,0.0
2023-12-28 01:45:00,0.0,0.0,0.0,0.0
2023-12-28 02:00:00,0.12799999999999997,0.19,0.19,0.19
2023-12-28 02:15:00,0.12799999999999997,0.25333333333333324,0.25333333333333324,0.25333333333333324
2023-12-28 02:30:00,0.06399999999999993,0.19,0.19,0.19
2023-12-28 02:45:00,0.0,0.0,0.0,0.0
2023-12-28 03:00:00,0.0,0.0,0.0,0.0
2023-12-28 03:15:00,0.0,0.0,0.0,0.0
2023-12-28 03:30:00,0.0,0.0,0.0,0.0
2023-12-28 03:45:00,0.0,0.0,0.0,0.0
2023-12-28 04:00:00,0.0,0.0,0.0,0.0
2023-12-28 04:15:00,0.12799999999999997,0.25333333333333324,0.25333333333333324,0.25333333333333324
2023-12-28 04:30:00,0.704,0.8866666666666665,0.8866666666666665,0.8866666666666665
2023-12-28 04:45:00,0.96,0.95,0.95,0.95
2023-12-28 05:00:00,0.96,0.95,0.95,0.95
2023-12-28 05:15:00,0.96,0.95,0.95,0.95
2023-12-28 05:30:00,0.96,0.95,0.95,0.95
2023-12-28 05:45:00,0.96,0.95,0.95,0.95
2023-12-28 06:00:00,0.96,0.95,0.95,0.95
2023-12-28 06:15:00,1.0879999999999999,1.2033333333333331,1.2033333333333331,1.2033333333333331
2023-12-28 06:30:00,1.792,1.8366666666666662,1.8366666666666662,1.8366666666666662
2023-12-28 06:45:00,1.6,1.9,1.9,1.9
2023-12-28 07:00:00,0.96,1.0133333333333334,1.0133333333333334,1.0133333333333334
2023-12-28 07:15:00,0.96,0.95,0.95,0.95
2023-12-28 07:30:00,0.96,0.95,0.95,0.95
2023-12-28 07:45:00,0.96,0.95,0.95,0.95
2023-12-28 08:00:00,0.96,0.95,0.95,0.95
2023-12-28 08:15:00,0.96,0.95,0.95,0.95
2023-12-28 08:30:00,0.96,0.95,0.95,0.95
2023-12-28 08:45:00,0.96,0.95,0.95,0.95
2023-12-28 09:00:00,0.96,0.95,0.95,0.95
2023-12-28 09:15:00,0.96,0.95,0.95,0.95
2023-12-28 09:30:00,0.96,0.95,0.95,0.95
2023-12-28 09:45:00,0.96,0.95,0.95,0.95
2023-12-28 10:00:00,0.96,0.95,0.95,0.95
2023-12-28 10:15:00,0.96,0.95,0.95,0.95
2023-12-28 10:30:00,0.96,0.95,0.95,0.95
2023-12-28 10:45:00,0.96,0.95,0.95,0.95
2023-12-28 11:00:00,0.96,0.95,0.95,0.95
2023-12-28 11:15:00,9.6,10.26,10.45,10.513333333333332
2023-12-28 11:30:00,9.472,9.943333333333335,10.069999999999999,10.133333333333333
2023-12-28 11:45:00,4.992,5.003333333333333,5.003333333333333,5.003333333333333
2023-12-28 12:00:00,2.112,2.1533333333333333,2.1533333333333333,2.1533333333333333
2023-12-28 12:15:00,1.92,1.9,1.9,1.9
2023-12-28 12:30:00,1.92,1.9,1.9,1.9
2023-12-28 12:45:00,1.9840000000000002,2.3433333333333333,2.3433333333333333,2.3433333333333333
2023-12-28 13:00:00,2.112,2.28,2.28,2.28
2023-12-28 13:15:00,1.0240000000000002,1.2666666666666666,1.2666666666666666,1.2666666666666666
2023-12-28 13:30:00,0.96,1.0133333333333334,1.0133333333333334,1.0133333333333334
2023-12-28 13:45:00,1.408,1.6466666666666667,1.6466666666666667,1.6466666666666667
2023-12-28 14:00:00,1.728,1.7733333333333332,1.7733333333333332,1.7733333333333332
2023-12-28 14:15:00,1.8559999999999994,1.9,1.9,1.9
2023-12-28 14:30:00,1.8559999999999994,1.8366666666666662,1.8366666666666662,1.8366666666666662
2023-12-28 14:45:00,1.728,1.9,1.9,1.9
2023-12-28 15:00:00,1.3439999999999999,1.6466666666666667,1.6466666666666667,1.6466666666666667
2023-12-28 15:15:00,1.8559999999999994,1.9,1.9,1.9
2023-12-28 15:30:00,1.92,1.9,1.9,1.9
2023-12-28 15:45:00,1.92,1.9,1.9,1.9
2023-12-28 16:00:00,1.6,1.9,1.9,1.9
2023-12-28 16:15:00,1.2799999999999998,1.5833333333333333,1.5833333333333333,1.5833333333333333
2023-12-28 16:30:00,0.96,1.0766666666666667,1.0766666666666667,1.0766666666666667
2023-12-28 16:45:00,0.96,0.95,0.95,0.95
2023-12-28 17:00:00,0.96,0.95,0.95,0.95
2023-12-28 17:15:00,0.96,0.95,0.95,0.95
2023-12-28 17:30:00,0.96,0.95,0.95,0.95
2023-12-28 17:45:00,0.96,0.95,0.95,0.95
2023-12-28 18:00:00,0.96,0.95,0.95,0.95
2023-12-28 18:15:00,0.96,0.95,0.95,0.95
2023-12-28 18:30:00,0.96,0.95,0.95,0.95
2023-12-28 18:45:00,0.96,0.95,0.95,0.95
2023-12-28 19:00:00,0.96,0.95,0.95,0.95
2023-12-28 19:15:00,0.96,0.95,0.95,0.95
2023-12-28 19:30:00,0.96,0.95,0.95,0.95
2023-12-28 19:45:00,0.96,0.95,0.95,0.95
2023-12-28 20:00:00,0.96,0.95,0.95,0.95
2023-12-28 20:15:00,0.96,0.95,0.95,0.95
2023-12-28 20:30:00,0.96,0.95,0.95,0.95
2023-12-28 20:45:00,0.96,0.95,0.95,0.95
2023-12-28 21:00:00,0.96,0.95,0.95,0.95
2023-12-28 21:15:00,0.96,0.95,0.95,0.95
2023-12-28 21:30:00,0.96,0.95,0.95,0.95
2023-12-28 21:45:00,0.96,0.95,0.95,0.95
2023-12-28 22:00:00,0.96,0.95,0.95,0.95
2023-12-28 22:15:00,0.96,0.95,0.95,0.95
2023-12-28 22:30:00,0.96,0.95,0.95,0.95
2023-12-28 22:45:00,0.96,0.95,0.95,0.95
2023-12-28 23:00:00,0.96,0.95,0.95,0.95
2023-12-28 23:15:00,0.96,0.95,0.95,0.95
2023-12-28 23:30:00,0.96,1.0133333333333334,1.0133333333333334,1.0133333333333334
2023-12-28 23:45:00,0.96,0.95,0.95,0.95
2023-12-29 00:00:00,1.0240000000000002,1.14,1.14,1.14
2023-12-29 00:15:00,1.0240000000000002,1.14,1.14,1.14
2023-12-29 00:30:00,0.96,1.14,1.14,1.14
2023-12-29 00:45:00,1.0240000000000002,1.2666666666666666,1.2666666666666666,1.2666666666666666
2023-12-29 01:00:00,1.0879999999999999,1.2666666666666666,1.2666666666666666,1.2666666666666666
2023-12-29 01:15:00,1.536,1.5833333333333333,1.5833333333333333,1.5833333333333333
2023-12-29 01:30:00,1.3439999999999999,1.71,1.71,1.71
2023-12-29 01:45:00,1.472,1.71,1.71,1.71
2023-12-29 02:00:00,1.2799999999999998,1.71,1.71,1.71
2023-12-29 02:15:00,0.96,0.95,0.95,0.95
2023-12-29 02:30:00,0.96,0.95,0.95,0.95
2023-12-29 02:45:00,0.576,0.76,0.76,0.76
2023-12-29 03:00:00,0.448,0.6966666666666665,0.6966666666666665,0.6966666666666665
2023-12-29 03:15:00,0.06399999999999993,0.06333333333333327,0.06333333333333327,0.06333333333333327
2023-12-29 03:30:00,0.0,0.0,0.0,0.0
2023-12-29 03:45:00,0.06399999999999993,0.12666666666666662,0.12666666666666662,0.12666666666666662
2023-12-29 04:00:00,0.0,0.06333333333333327,0.06333333333333327,0.06333333333333327
2023-12-29 04:15:00,0.06399999999999993,0.06333333333333327,0.06333333333333327,0.06333333333333327
2023-12-29 04:30:00,0.0,0.0,0.0,0.0
2023-12-29 04:45:00,0.0,0.0,0.0,0.0
2023-12-29 05:00:00,0.06399999999999993,0.06333333333333327,0.06333333333333327,0.06333333333333327
2023-12-29 05:15:00,0.0,0.0,0.0,0.0
2023-12-29 05:30:00,0.0,0.19,0.19,0.19
2023-12-29 05:45:00,0.12799999999999997,0.19,0.19,0.19
2023-12-29 06:00:00,0.192,0.19,0.19,0.19
2023-12-29 06:15:00,0.31999999999999995,0.6333333333333333,0.6333333333333333,0.6333333333333333
2023-12-29 06:30:00,0.704,0.76,0.76,0.76
2023-12-29 06:45:00,0.96,0.95,0.95,0.95
2023-12-29 07:00:00,0.96,0.95,0.95,0.95
2023-12-29 07:15:00,0.96,0.95,0.95,0.95
2023-12-29 07:30:00,0.768,0.8233333333333334,0.8866666666666665,0.8866666666666665
2023-12-29 07:45:00,0.384,0.5066666666666666,0.57,0.57
2023-12-29 08:00:00,0.06399999999999993,0.12666666666666662,0.12666666666666662,0.12666666666666662
2023-12-29 08:15:00,0.12799999999999997,0.12666666666666662,0.12666666666666662,0.12666666666666662
2023-12-29 08:30:00,0.0,0.0,0.0,0.0
2023-12-29 08:45:00,0.0,0.0,0.0,0.0
2023-12-29 09:00:00,0.31999999999999995,0.31666666666666665,0.31666666666666665,0.31666666666666665
2023-12-29 09:15:00,0.512,0.6333333333333333,0.6333333333333333,0.6333333333333333
2023-12-29 09:30:00,0.25599999999999995,0.5066666666666666,0.5066666666666666,0.5066666666666666
2023-12-29 09:45:00,0.768,0.8866666666666665,0.8866666666666665,0.8866666666666665
2023-12-29 10:00:00,0.96,0.95,0.95,0.95
2023-12-29 10:15:00,0.96,0.95,0.95,0.95
2023-12-29 10:30:00,0.96,0.95,0.95,0.95
2023-12-29 10:45:00,0.96,0.95,0.95,0.95
2023-12-29 11:00:00,0.96,0.95,0.95,0.95
2023-12-29 11:15:00,0.96,0.95,0.95,0.95
2023-12-29 11:30:00,0.96,0.95,0.95,0.95
2023-12-29 11:45:00,0.96,0.95,0.95,0.95
2023-12-29 12:00:00,0.96,0.95,0.95,0.95
2023-12-29 12:15:00,0.96,0.95,0.95,0.95
2023-12-29 12:30:00,0.96,0.95,0.95,0.95
2023-12-29 12:45:00,0.96,0.95,0.95,0.95
2023-12-29 13:00:00,1.0240000000000002,1.0133333333333334,1.0133333333333334,1.0133333333333334
2023-12-29 13:15:00,0.96,0.95,0.95,0.95
2023-12-29 13:30:00,0.96,0.95,0.95,0.95
2023-12-29 13:45:00,0.96,0.95,0.95,0.95
2023-12-29 14:00:00,0.96,0.95,0.95,0.95
2023-12-29 14:15:00,0.96,0.95,0.95,0.95
2023-12-29 14:30:00,0.96,0.95,0.95,0.95
2023-12-29 14:45:00,0.96,0.95,0.95,0.95
2023-12-29 15:00:00,0.96,0.95,0.95,0.95
2023-12-29 15:15:00,0.96,0.95,0.95,0.95
2023-12-29 15:30:00,0.96,0.95,0.95,0.95
2023-12-29 15:45:00,0.96,0.95,0.95,0.95
2023-12-29 16:00:00,0.96,0.95,0.95,0.95
2023-12-29 16:15:00,0.96,0.95,0.95,0.95
2023-12-29 16:30:00,1.152,1.393333333333333,1.393333333333333,1.393333333333333
2023-12-29 16:45:00,1.664,1.7733333333333332,1.7733333333333332,1.7733333333333332
2023-12-29 17:00:00,1.408,1.7733333333333332,1.7733333333333332,1.7733333333333332
2023-12-29 17:15:00,1.0240000000000002,1.2033333333333331,1.2033333333333331,1.2033333333333331
2023-12-29 17:30:00,0.96,1.0133333333333334,1.0133333333333334,1.0133333333333334
2023-12-29 17:45:00,0.96,1.0766666666666667,1.0766666666666667,1.0766666666666667
2023-12-29 18:00:00,0.96,0.95,0.95,0.95
2023-12-29 18:15:00,0.96,0.95,0.95,0.95
2023-12-29 18:30:00,0.96,0.95,0.95,0.95
2023-12-29 18:45:00,0.96,0.95,0.95,0.95
2023-12-29 19:00:00,0.96,0.95,0.95,0.95
2023-12-29 19:15:00,0.96,0.95,0.95,0.95
2023-12-29 19:30:00,0.96,0.95,0.95,0.95
2023-12-29 19:45:00,0.96,0.95,0.95,0.95
2023-12-29 20:00:00,0.96,0.95,0.95,0.95
2023-12-29 20:15:00,0.96,0.95,0.95,0.95
2023-12-29 20:30:00,0.96,0.95,0.95,0.95
2023-12-29 20:45:00,0.96,0.95,0.95,0.95
2023-12-29 21:00:00,0.96,0.95,0.95,0.95
2023-12-29 21:15:00,0.96,0.95,0.95,0.95
2023-12-29 21:30:00,0.96,0.95,0.95,0.95
2023-12-29 21:45:00,0.96,0.95,0.95,0.95
2023-12-29 22:00:00,0.96,0.95,0.95,0.95
2023-12-29 22:15:00,0.96,0.95,0.95,0.95
2023-12-29 22:30:00,0.96,0.95,0.95,0.95
2023-12-29 22:45:00,0.96,0.95,0.95,0.95
2023-12-29 23:00:00,0.96,0.95,0.95,0.95
2023-12-29 23:15:00,0.96,0.95,0.95,0.95
2023-12-29 23:30:00,0.96,0.95,0.95,0.95
2023-12-29 23:45:00,0.96,0.95,0.95,0.95
2023-12-30 00:00:00,0.96,0.95,0.95,0.95
2023-12-30 00:15:00,0.96,0.95,0.95,0.95
2023-12-30 00:30:00,0.96,0.95,0.95,0.95
2023-12-30 00:45:00,0.96,0.95,0.95,0.95
2023-12-30 01:00:00,0.96,0.95,0.95,0.95
2023-12-30 01:15:00,0.96,0.95,0.95,0.95
2023-12-30 01:30:00,0.96,0.95,0.95,0.95
2023-12-30 01:45:00,0.96,0.95,0.95,0.95
2023-12-30 02:00:00,0.96,0.95,0.95,0.95
2023-12-30 02:15:00,0.96,0.95,0.95,0.95
2023-12-30 02:30:00,0.96,0.95,0.95,0.95
2023-12-30 02:45:00,0.96,0.95,0.95,0.95
2023-12-30 03:00:00,0.96,0.95,0.95,0.95
2023-12-30 03:15:00,0.96,0.95,0.95,0.95
2023-12-30 03:30:00,0.96,0.95,0.95,0.95
2023-12-30 03:45:00,0.96,0.95,0.95,0.95
2023-12-30 04:00:00,0.96,0.95,0.95,0.95
2023-12-30 04:15:00,0.96,0.95,0.95,0.95
2023-12-30 04:30:00,0.96,0.95,0.95,0.95
2023-12-30 04:45:00,0.96,0.95,0.95,0.95
2023-12-30 05:00:00,0.96,0.95,0.95,0.95
2023-12-30 05:15:00,0.96,0.95,0.95,0.95
2023-12-30 05:30:00,0.96,0.95,0.95,0.95
2023-12-30 05:45:00,0.96,0.95,0.95,0.95
2023-12-30 06:00:00,0.96,0.95,0.95,0.95
2023-12-30 06:15:00,0.96,0.95,0.95,0.95
2023-12-30 06:30:00,0.96,0.95,0.95,0.95
2023-12-30 06:45:00,0.96,0.95,0.95,0.95
2023-12-30 07:00:00,0.96,0.95,0.95,0.95
2023-12-30 07:15:00,0.96,0.95,0.95,0.95
2023-12-30 07:30:00,0.8959999999999999,0.8866666666666665,0.8866666666666665,0.8866666666666665
2023-12-30 07:45:00,0.8959999999999999,0.95,0.95,0.95
2023-12-30 08:00:00,0.96,0.95,0.95,0.95
2023-12-30 08:15:00,0.704,0.76,0.76,0.76
2023-12-30 08:30:00,0.8959999999999999,0.95,0.95,0.95
2023-12-30 08:45:00,0.6399999999999999,0.8866666666666665,0.8866666666666665,0.8866666666666665
2023-12-30 09:00:00,0.832,0.8866666666666665,0.8866666666666665,0.8866666666666665
2023-12-30 09:15:00,0.832,0.8866666666666665,0.8866666666666665,0.8866666666666665
2023-12-30 09:30:00,0.8959999999999999,0.8866666666666665,0.8866666666666665,0.8866666666666665
2023-12-30 09:45:00,0.704,0.8233333333333334,0.8233333333333334,0.8233333333333334
2023-12-30 10:00:00,0.448,0.6966666666666665,0.6966666666666665,0.6966666666666665
2023-12-30 10:15:00,0.448,0.57,0.57,0.57
2023-12-30 10:30:00,0.448,0.6333333333333333,0.6333333333333333,0.6333333333333333
2023-12-30 10:45:00,0.6399999999999999,0.76,0.76,0.76
2023-12-30 11:00:00,0.31999999999999995,0.57,0.57,0.57
2023-12-30 11:15:00,0.25599999999999995,0.38,0.38,0.38
2023-12-30 11:30:00,0.6399999999999999,0.76,0.76,0.76
2023-12-30 11:45:00,0.96,0.95,0.95,0.95
2023-12-30 12:00:00,0.96,0.95,0.95,0.95
2023-12-30 12:15:00,0.96,0.95,0.95,0.95
2023-12-30 12:30:00,0.96,0.95,0.95,0.95
2023-12-30 12:45:00,1.472,1.52,1.5833333333333333,1.5833333333333333
2023-12-30 13:00:00,0.96,0.95,0.95,0.95
2023-12-30 13:15:00,0.96,0.95,0.95,0.95
2023-12-30 13:30:00,0.832,0.95,0.95,0.95
2023-12-30 13:45:00,0.96,0.95,0.95,0.95
2023-12-30 14:00:00,0.8959999999999999,0.8866666666666665,0.8866666666666665,0.8866666666666665
2023-12-30 14:15:00,0.832,0.8866666666666665,0.8866666666666665,0.8866666666666665
2023-12-30 14:30:00,0.768,0.8233333333333334,0.8233333333333334,0.8233333333333334
2023-12-30 14:45:00,0.6399999999999999,0.76,0.76,0.76
2023-12-30 15:00:00,0.6399999999999999,0.76,0.76,0.76
2023-12-30 15:15:00,0.576,0.8233333333333334,0.8233333333333334,0.8233333333333334
2023-12-30 15:30:00,0.512,0.6333333333333333,0.6333333333333333,0.6333333333333333
2023-12-30 15:45:00,0.448,0.6333333333333333,0.6333333333333333,0.6333333333333333
2023-12-30 16:00:00,0.192,0.25333333333333324,0.25333333333333324,0.25333333333333324
2023-12-30 16:15:00,0.25599999999999995,0.31666666666666665,0.31666666666666665,0.31666666666666665
2023-12-30 16:30:00,0.12799999999999997,0.12666666666666662,0.12666666666666662,0.12666666666666662
2023-12-30 16:45:00,0.12799999999999997,0.12666666666666662,0.12666666666666662,0.12666666666666662
2023-12-30 17:00:00,0.0,0.0,0.0,0.0
2023-12-30 17:15:00,0.12799999999999997,0.12666666666666662,0.12666666666666662,0.12666666666666662
2023-12-30 17:30:00,0.0,0.0,0.0,0.0
2023-12-30 17:45:00,0.06399999999999993,0.06333333333333327,0.06333333333333327,0.06333333333333327
2023-12-30 18:00:00,0.768,0.8233333333333334,0.8233333333333334,1.0133333333333334
2023-12-30 18:15:00,0.96,0.95,0.95,1.0133333333333334
2023-12-30 18:30:00,0.8959999999999999,0.95,0.95,0.95
2023-12-30 18:45:00,0.576,0.76,0.76,0.76
2023-12-30 19:00:00,0.06399999999999993,0.12666666666666662,0.12666666666666662,0.19
2023-12-30 19:15:00,0.0,0.12666666666666662,0.12666666666666662,0.12666666666666662
2023-12-30 19:30:00,0.06399999999999993,0.12666666666666662,0.12666666666666662,0.12666666666666662
2023-12-30 19:45:00,0.0,0.0,0.0,0.0
2023-12-30 20:00:00,0.0,0.0,0.0,0.0
2023-12-30 20:15:00,0.06399999999999993,0.12666666666666662,0.12666666666666662,0.12666666666666662
2023-12-30 20:30:00,0.0,0.0,0.0,0.0
2023-12-30 20:45:00,0.192,0.25333333333333324,0.25333333333333324,0.25333333333333324
2023-12-30 21:00:00,0.0,0.0,0.0,0.0
2023-12-30 21:15:00,0.192,0.25333333333333324,0.25333333333333324,0.25333333333333324
2023-12-30 21:30:00,0.25599999999999995,0.31666666666666665,0.31666666666666665,0.31666666666666665
2023-12-30 21:45:00,0.12799999999999997,0.19,0.19,0.19
2023-12-30 22:00:00,0.0,0.19,0.19,0.19
2023-12-30 22:15:00,0.384,0.38,0.38,0.38
2023-12-30 22:30:00,0.6399999999999999,0.76,0.76,0.76
2023-12-30 22:45:00,0.832,0.8233333333333334,0.8233333333333334,0.8233333333333334
2023-12-30 23:00:00,0.8959999999999999,0.95,0.95,0.95
2023-12-30 23:15:00,0.96,0.95,0.95,0.95
2023-12-30 23:30:00,0.96,0.95,0.95,0.95
2023-12-30 23:45:00,0.96,0.95,0.95,0.95
2023-12-31 00:00:00,0.96,0.95,0.95,0.95
2023-12-31 00:15:00,0.96,0.95,0.95,0.95
2023-12-31 00:30:00,0.96,0.95,0.95,0.95
2023-12-31 00:45:00,0.96,0.95,0.95,0.95
2023-12-31 01:00:00,0.96,0.95,0.95,0.95
2023-12-31 01:15:00,0.96,0.95,0.95,0.95
2023-12-31 01:30:00,0.96,0.95,0.95,0.95
2023-12-31 01:45:00,0.96,0.95,0.95,0.95
2023-12-31 02:00:00,0.96,0.95,0.95,0.95
2023-12-31 02:15:00,0.96,0.95,0.95,0.95
2023-12-31 02:30:00,0.96,0.95,0.95,0.95
2023-12-31 02:45:00,0.96,0.95,0.95,0.95
2023-12-31 03:00:00,0.96,0.95,0.95,0.95
2023-12-31 03:15:00,0.96,0.95,0.95,0.95
2023-12-31 03:30:00,0.96,0.95,0.95,0.95
2023-12-31 03:45:00,0.96,0.95,0.95,0.95
2023-12-31 04:00:00,0.96,0.95,0.95,0.95
2023-12-31 04:15:00,0.96,0.95,0.95,0.95
2023-12-31 04:30:00,0.96,0.95,0.95,0.95
2023-12-31 04:45:00,0.96,0.95,0.95,0.95
2023-12-31 05:00:00,0.96,0.95,0.95,0.95
2023-12-31 05:15:00,0.96,0.95,0.95,0.95
2023-12-31 05:30:00,0.96,0.95,0.95,0.95
2023-12-31 05:45:00,0.96,0.95,0.95,0.95
2023-12-31 06:00:00,0.96,0.95,0.95,0.95
2023-12-31 06:15:00,0.96,0.95,0.95,0.95
2023-12-31 06:30:00,0.96,0.95,0.95,0.95
2023-12-31 06:45:00,0.96,0.95,0.95,0.95
2023-12-31 07:00:00,0.96,0.95,0.95,0.95
2023-12-31 07:15:00,0.96,0.95,0.95,0.95
2023-12-31 07:30:00,0.96,0.95,0.95,0.95
2023-12-31 07:45:00,0.96,0.95,0.95,0.95
2023-12-31 08:00:00,0.96,0.95,0.95,0.95
2023-12-31 08:15:00,0.96,0.95,0.95,0.95
2023-12-31 08:30:00,0.96,0.95,0.95,0.95
2023-12-31 08:45:00,0.96,0.95,0.95,0.95
2023-12-31 09:00:00,0.96,0.95,0.95,0.95
2023-12-31 09:15:00,0.96,0.95,0.95,0.95
2023-12-31 09:30:00,0.96,0.95,0.95,0.95
2023-12-31 09:45:00,0.96,0.95,0.95,0.95
2023-12-31 10:00:00,0.96,0.95,0.95,0.95
2023-12-31 10:15:00,0.96,0.95,0.95,0.95
2023-12-31 10:30:00,0.96,0.95,0.95,0.95
2023-12-31 10:45:00,0.96,0.95,0.95,0.95
2023-12-31 11:00:00,0.96,0.95,0.95,0.95
2023-12-31 11:15:00,0.96,0.95,0.95,0.95
2023-12-31 11:30:00,0.96,0.95,0.95,0.95
2023-12-31 11:45:00,0.96,1.0133333333333334,1.0133333333333334,1.0133333333333334
2023-12-31 12:00:00,0.96,0.95,0.95,0.95
2023-12-31 12:15:00,0.96,0.95,0.95,0.95
2023-12-31 12:30:00,0.96,0.95,0.95,0.95
2023-12-31 12:45:00,0.96,0.95,0.95,0.95
2023-12-31 13:00:00,0.96,0.95,0.95,0.95
2023-12-31 13:15:00,0.96,0.95,0.95,0.95
2023-12-31 13:30:00,0.96,0.95,0.95,0.95
2023-12-31 13:45:00,0.96,0.95,0.95,0.95
2023-12-31 14:00:00,0.96,0.95,0.95,0.95
2023-12-31 14:15:00,0.96,0.95,0.95,0.95
2023-12-31 14:30:00,0.96,0.95,0.95,0.95
2023-12-31 14:45:00,0.96,0.95,0.95,0.95
2023-12-31 15:00:00,0.96,0.95,0.95,0.95
2023-12-31 15:15:00,0.96,0.95,0.95,0.95
2023-12-31 15:30:00,0.96,0.95,0.95,0.95
2023-12-31 15:45:00,0.96,0.95,0.95,0.95
2023-12-31 16:00:00,0.96,0.95,0.95,0.95
2023-12-31 16:15:00,,,,
2023-12-31 16:30:00,,,,
2023-12-31 16:45:00,,,,
2023-12-31 17:00:00,,,,
2023-12-31 17:15:00,,,,
2023-12-31 17:30:00,,,,
2023-12-31 17:45:00,,,,
2023-12-31 18:00:00,,,,
2023-12-31 18:15:00,,,,
2023-12-31 18:30:00,,,,
2023-12-31 18:45:00,,,,
2023-12-31 19:00:00,,,,
2023-12-31 19:15:00,,,,
2023-12-31 19:30:00,,,,
2023-12-31 19:45:00,,,,
2023-12-31 20:00:00,,,,
2023-12-31 20:15:00,,,,
2023-12-31 20:30:00,,,,
2023-12-31 20:45:00,,,,
2023-12-31 21:00:00,,,,
2023-12-31 21:15:00,,,,
2023-12-31 21:30:00,,,,
2023-12-31 21:45:00,,,,
2023-12-31 22:00:00,,,,
2023-12-31 22:15:00,,,,
2023-12-31 22:30:00,,,,
2023-12-31 22:45:00,,,,
2023-12-31 23:00:00,,,,
2023-12-31 23:15:00,,,,
2023-12-31 23:30:00,,,,
2023-12-31 23:45:00,,,,
